date,date_type,trading_hours_start,trading_hours_end,settlement_start,settlement_end,roll_countdown,NOK_N0,NOK_N1,NOK_N2,NOK_N3,NOK_N4,NOK_N5,NOK_N6
2020-01-01,X,,,,,,,,,,,,
2020-01-02,O,2020-01-01 18:00:00,2020-01-02 17:00:00,2020-01-02 14:59:30,2020-01-02 15:00:00,45,,202003,202006,202009,202012,202103,202106
2020-01-03,O,2020-01-02 18:00:00,2020-01-03 17:00:00,2020-01-03 14:59:30,2020-01-03 15:00:00,44,,202003,202006,202009,202012,202103,202106
2020-01-06,O,2020-01-05 18:00:00,2020-01-06 17:00:00,2020-01-06 14:59:30,2020-01-06 15:00:00,43,,202003,202006,202009,202012,202103,202106
2020-01-07,O,2020-01-06 18:00:00,2020-01-07 17:00:00,2020-01-07 14:59:30,2020-01-07 15:00:00,42,,202003,202006,202009,202012,202103,202106
2020-01-08,O,2020-01-07 18:00:00,2020-01-08 17:00:00,2020-01-08 14:59:30,2020-01-08 15:00:00,41,,202003,202006,202009,202012,202103,202106
2020-01-09,O,2020-01-08 18:00:00,2020-01-09 17:00:00,2020-01-09 14:59:30,2020-01-09 15:00:00,40,,202003,202006,202009,202012,202103,202106
2020-01-10,O,2020-01-09 18:00:00,2020-01-10 17:00:00,2020-01-10 14:59:30,2020-01-10 15:00:00,39,,202003,202006,202009,202012,202103,202106
2020-01-13,O,2020-01-12 18:00:00,2020-01-13 17:00:00,2020-01-13 14:59:30,2020-01-13 15:00:00,38,,202003,202006,202009,202012,202103,202106
2020-01-14,O,2020-01-13 18:00:00,2020-01-14 17:00:00,2020-01-14 14:59:30,2020-01-14 15:00:00,37,,202003,202006,202009,202012,202103,202106
2020-01-15,O,2020-01-14 18:00:00,2020-01-15 17:00:00,2020-01-15 14:59:30,2020-01-15 15:00:00,36,,202003,202006,202009,202012,202103,202106
2020-01-16,O,2020-01-15 18:00:00,2020-01-16 17:00:00,2020-01-16 14:59:30,2020-01-16 15:00:00,35,,202003,202006,202009,202012,202103,202106
2020-01-17,O,2020-01-16 18:00:00,2020-01-17 17:00:00,2020-01-17 14:59:30,2020-01-17 15:00:00,34,,202003,202006,202009,202012,202103,202106
2020-01-20,X,,,,,,,,,,,,
2020-01-21,O,2020-01-20 18:00:00,2020-01-21 17:00:00,2020-01-21 14:59:30,2020-01-21 15:00:00,33,,202003,202006,202009,202012,202103,202106
2020-01-22,O,2020-01-21 18:00:00,2020-01-22 17:00:00,2020-01-22 14:59:30,2020-01-22 15:00:00,32,,202003,202006,202009,202012,202103,202106
2020-01-23,O,2020-01-22 18:00:00,2020-01-23 17:00:00,2020-01-23 14:59:30,2020-01-23 15:00:00,31,,202003,202006,202009,202012,202103,202106
2020-01-24,O,2020-01-23 18:00:00,2020-01-24 17:00:00,2020-01-24 14:59:30,2020-01-24 15:00:00,30,,202003,202006,202009,202012,202103,202106
2020-01-27,O,2020-01-26 18:00:00,2020-01-27 17:00:00,2020-01-27 14:59:30,2020-01-27 15:00:00,29,,202003,202006,202009,202012,202103,202106
2020-01-28,O,2020-01-27 18:00:00,2020-01-28 17:00:00,2020-01-28 14:59:30,2020-01-28 15:00:00,28,,202003,202006,202009,202012,202103,202106
2020-01-29,O,2020-01-28 18:00:00,2020-01-29 17:00:00,2020-01-29 14:59:30,2020-01-29 15:00:00,27,,202003,202006,202009,202012,202103,202106
2020-01-30,O,2020-01-29 18:00:00,2020-01-30 17:00:00,2020-01-30 14:59:30,2020-01-30 15:00:00,26,,202003,202006,202009,202012,202103,202106
2020-01-31,O,2020-01-30 18:00:00,2020-01-31 17:00:00,2020-01-31 14:59:30,2020-01-31 15:00:00,25,,202003,202006,202009,202012,202103,202106
2020-02-03,O,2020-02-02 18:00:00,2020-02-03 17:00:00,2020-02-03 14:59:30,2020-02-03 15:00:00,24,,202003,202006,202009,202012,202103,202106
2020-02-04,O,2020-02-03 18:00:00,2020-02-04 17:00:00,2020-02-04 14:59:30,2020-02-04 15:00:00,23,,202003,202006,202009,202012,202103,202106
2020-02-05,O,2020-02-04 18:00:00,2020-02-05 17:00:00,2020-02-05 14:59:30,2020-02-05 15:00:00,22,,202003,202006,202009,202012,202103,202106
2020-02-06,O,2020-02-05 18:00:00,2020-02-06 17:00:00,2020-02-06 14:59:30,2020-02-06 15:00:00,21,,202003,202006,202009,202012,202103,202106
2020-02-07,O,2020-02-06 18:00:00,2020-02-07 17:00:00,2020-02-07 14:59:30,2020-02-07 15:00:00,20,,202003,202006,202009,202012,202103,202106
2020-02-10,O,2020-02-09 18:00:00,2020-02-10 17:00:00,2020-02-10 14:59:30,2020-02-10 15:00:00,19,,202003,202006,202009,202012,202103,202106
2020-02-11,O,2020-02-10 18:00:00,2020-02-11 17:00:00,2020-02-11 14:59:30,2020-02-11 15:00:00,18,,202003,202006,202009,202012,202103,202106
2020-02-12,O,2020-02-11 18:00:00,2020-02-12 17:00:00,2020-02-12 14:59:30,2020-02-12 15:00:00,17,,202003,202006,202009,202012,202103,202106
2020-02-13,O,2020-02-12 18:00:00,2020-02-13 17:00:00,2020-02-13 14:59:30,2020-02-13 15:00:00,16,,202003,202006,202009,202012,202103,202106
2020-02-14,O,2020-02-13 18:00:00,2020-02-14 17:00:00,2020-02-14 14:59:30,2020-02-14 15:00:00,15,,202003,202006,202009,202012,202103,202106
2020-02-17,X,,,,,,,,,,,,
2020-02-18,O,2020-02-17 18:00:00,2020-02-18 17:00:00,2020-02-18 14:59:30,2020-02-18 15:00:00,14,,202003,202006,202009,202012,202103,202106
2020-02-19,O,2020-02-18 18:00:00,2020-02-19 17:00:00,2020-02-19 14:59:30,2020-02-19 15:00:00,13,,202003,202006,202009,202012,202103,202106
2020-02-20,O,2020-02-19 18:00:00,2020-02-20 17:00:00,2020-02-20 14:59:30,2020-02-20 15:00:00,12,,202003,202006,202009,202012,202103,202106
2020-02-21,O,2020-02-20 18:00:00,2020-02-21 17:00:00,2020-02-21 14:59:30,2020-02-21 15:00:00,11,,202003,202006,202009,202012,202103,202106
2020-02-24,O,2020-02-23 18:00:00,2020-02-24 17:00:00,2020-02-24 14:59:30,2020-02-24 15:00:00,10,,202003,202006,202009,202012,202103,202106
2020-02-25,O,2020-02-24 18:00:00,2020-02-25 17:00:00,2020-02-25 14:59:30,2020-02-25 15:00:00,9,,202003,202006,202009,202012,202103,202106
2020-02-26,O,2020-02-25 18:00:00,2020-02-26 17:00:00,2020-02-26 14:59:30,2020-02-26 15:00:00,8,,202003,202006,202009,202012,202103,202106
2020-02-27,O,2020-02-26 18:00:00,2020-02-27 17:00:00,2020-02-27 14:59:30,2020-02-27 15:00:00,7,,202003,202006,202009,202012,202103,202106
2020-02-28,O,2020-02-27 18:00:00,2020-02-28 17:00:00,2020-02-28 14:59:30,2020-02-28 15:00:00,6,,202003,202006,202009,202012,202103,202106
2020-03-02,O,2020-03-01 18:00:00,2020-03-02 17:00:00,2020-03-02 14:59:30,2020-03-02 15:00:00,5,,202003,202006,202009,202012,202103,202106
2020-03-03,O,2020-03-02 18:00:00,2020-03-03 17:00:00,2020-03-03 14:59:30,2020-03-03 15:00:00,4,,202003,202006,202009,202012,202103,202106
2020-03-04,O,2020-03-03 18:00:00,2020-03-04 17:00:00,2020-03-04 14:59:30,2020-03-04 15:00:00,3,,202003,202006,202009,202012,202103,202106
2020-03-05,O,2020-03-04 18:00:00,2020-03-05 17:00:00,2020-03-05 14:59:30,2020-03-05 15:00:00,2,,202003,202006,202009,202012,202103,202106
2020-03-06,O,2020-03-05 18:00:00,2020-03-06 17:00:00,2020-03-06 14:59:30,2020-03-06 15:00:00,1,,202003,202006,202009,202012,202103,202106
2020-03-09,O,2020-03-08 18:00:00,2020-03-09 17:00:00,2020-03-09 14:59:30,2020-03-09 15:00:00,0,,202003,202006,202009,202012,202103,202106
2020-03-10,O,2020-03-09 18:00:00,2020-03-10 17:00:00,2020-03-10 14:59:30,2020-03-10 15:00:00,62,202003,202006,202009,202012,202103,202106,202109
2020-03-11,O,2020-03-10 18:00:00,2020-03-11 17:00:00,2020-03-11 14:59:30,2020-03-11 15:00:00,61,202003,202006,202009,202012,202103,202106,202109
2020-03-12,O,2020-03-11 18:00:00,2020-03-12 17:00:00,2020-03-12 14:59:30,2020-03-12 15:00:00,60,202003,202006,202009,202012,202103,202106,202109
2020-03-13,O,2020-03-12 18:00:00,2020-03-13 17:00:00,2020-03-13 14:59:30,2020-03-13 15:00:00,59,202003,202006,202009,202012,202103,202106,202109
2020-03-16,O,2020-03-15 18:00:00,2020-03-16 17:00:00,2020-03-16 14:59:30,2020-03-16 15:00:00,58,202003,202006,202009,202012,202103,202106,202109
2020-03-17,O,2020-03-16 18:00:00,2020-03-17 17:00:00,2020-03-17 14:59:30,2020-03-17 15:00:00,57,,202006,202009,202012,202103,202106,202109
2020-03-18,O,2020-03-17 18:00:00,2020-03-18 17:00:00,2020-03-18 14:59:30,2020-03-18 15:00:00,56,,202006,202009,202012,202103,202106,202109
2020-03-19,O,2020-03-18 18:00:00,2020-03-19 17:00:00,2020-03-19 14:59:30,2020-03-19 15:00:00,55,,202006,202009,202012,202103,202106,202109
2020-03-20,O,2020-03-19 18:00:00,2020-03-20 17:00:00,2020-03-20 14:59:30,2020-03-20 15:00:00,54,,202006,202009,202012,202103,202106,202109
2020-03-23,O,2020-03-22 18:00:00,2020-03-23 17:00:00,2020-03-23 14:59:30,2020-03-23 15:00:00,53,,202006,202009,202012,202103,202106,202109
2020-03-24,O,2020-03-23 18:00:00,2020-03-24 17:00:00,2020-03-24 14:59:30,2020-03-24 15:00:00,52,,202006,202009,202012,202103,202106,202109
2020-03-25,O,2020-03-24 18:00:00,2020-03-25 17:00:00,2020-03-25 14:59:30,2020-03-25 15:00:00,51,,202006,202009,202012,202103,202106,202109
2020-03-26,O,2020-03-25 18:00:00,2020-03-26 17:00:00,2020-03-26 14:59:30,2020-03-26 15:00:00,50,,202006,202009,202012,202103,202106,202109
2020-03-27,O,2020-03-26 18:00:00,2020-03-27 17:00:00,2020-03-27 14:59:30,2020-03-27 15:00:00,49,,202006,202009,202012,202103,202106,202109
2020-03-30,O,2020-03-29 18:00:00,2020-03-30 17:00:00,2020-03-30 14:59:30,2020-03-30 15:00:00,48,,202006,202009,202012,202103,202106,202109
2020-03-31,O,2020-03-30 18:00:00,2020-03-31 17:00:00,2020-03-31 14:59:30,2020-03-31 15:00:00,47,,202006,202009,202012,202103,202106,202109
2020-04-01,O,2020-03-31 18:00:00,2020-04-01 17:00:00,2020-04-01 14:59:30,2020-04-01 15:00:00,46,,202006,202009,202012,202103,202106,202109
2020-04-02,O,2020-04-01 18:00:00,2020-04-02 17:00:00,2020-04-02 14:59:30,2020-04-02 15:00:00,45,,202006,202009,202012,202103,202106,202109
2020-04-03,O,2020-04-02 18:00:00,2020-04-03 17:00:00,2020-04-03 14:59:30,2020-04-03 15:00:00,44,,202006,202009,202012,202103,202106,202109
2020-04-06,O,2020-04-05 18:00:00,2020-04-06 17:00:00,2020-04-06 14:59:30,2020-04-06 15:00:00,43,,202006,202009,202012,202103,202106,202109
2020-04-07,O,2020-04-06 18:00:00,2020-04-07 17:00:00,2020-04-07 14:59:30,2020-04-07 15:00:00,42,,202006,202009,202012,202103,202106,202109
2020-04-08,O,2020-04-07 18:00:00,2020-04-08 17:00:00,2020-04-08 14:59:30,2020-04-08 15:00:00,41,,202006,202009,202012,202103,202106,202109
2020-04-09,O,2020-04-08 18:00:00,2020-04-09 17:00:00,2020-04-09 14:59:30,2020-04-09 15:00:00,40,,202006,202009,202012,202103,202106,202109
2020-04-10,X,,,,,,,,,,,,
2020-04-13,O,2020-04-12 18:00:00,2020-04-13 17:00:00,2020-04-13 14:59:30,2020-04-13 15:00:00,39,,202006,202009,202012,202103,202106,202109
2020-04-14,O,2020-04-13 18:00:00,2020-04-14 17:00:00,2020-04-14 14:59:30,2020-04-14 15:00:00,38,,202006,202009,202012,202103,202106,202109
2020-04-15,O,2020-04-14 18:00:00,2020-04-15 17:00:00,2020-04-15 14:59:30,2020-04-15 15:00:00,37,,202006,202009,202012,202103,202106,202109
2020-04-16,O,2020-04-15 18:00:00,2020-04-16 17:00:00,2020-04-16 14:59:30,2020-04-16 15:00:00,36,,202006,202009,202012,202103,202106,202109
2020-04-17,O,2020-04-16 18:00:00,2020-04-17 17:00:00,2020-04-17 14:59:30,2020-04-17 15:00:00,35,,202006,202009,202012,202103,202106,202109
2020-04-20,O,2020-04-19 18:00:00,2020-04-20 17:00:00,2020-04-20 14:59:30,2020-04-20 15:00:00,34,,202006,202009,202012,202103,202106,202109
2020-04-21,O,2020-04-20 18:00:00,2020-04-21 17:00:00,2020-04-21 14:59:30,2020-04-21 15:00:00,33,,202006,202009,202012,202103,202106,202109
2020-04-22,O,2020-04-21 18:00:00,2020-04-22 17:00:00,2020-04-22 14:59:30,2020-04-22 15:00:00,32,,202006,202009,202012,202103,202106,202109
2020-04-23,O,2020-04-22 18:00:00,2020-04-23 17:00:00,2020-04-23 14:59:30,2020-04-23 15:00:00,31,,202006,202009,202012,202103,202106,202109
2020-04-24,O,2020-04-23 18:00:00,2020-04-24 17:00:00,2020-04-24 14:59:30,2020-04-24 15:00:00,30,,202006,202009,202012,202103,202106,202109
2020-04-27,O,2020-04-26 18:00:00,2020-04-27 17:00:00,2020-04-27 14:59:30,2020-04-27 15:00:00,29,,202006,202009,202012,202103,202106,202109
2020-04-28,O,2020-04-27 18:00:00,2020-04-28 17:00:00,2020-04-28 14:59:30,2020-04-28 15:00:00,28,,202006,202009,202012,202103,202106,202109
2020-04-29,O,2020-04-28 18:00:00,2020-04-29 17:00:00,2020-04-29 14:59:30,2020-04-29 15:00:00,27,,202006,202009,202012,202103,202106,202109
2020-04-30,O,2020-04-29 18:00:00,2020-04-30 17:00:00,2020-04-30 14:59:30,2020-04-30 15:00:00,26,,202006,202009,202012,202103,202106,202109
2020-05-01,O,2020-04-30 18:00:00,2020-05-01 17:00:00,2020-05-01 14:59:30,2020-05-01 15:00:00,25,,202006,202009,202012,202103,202106,202109
2020-05-04,O,2020-05-03 18:00:00,2020-05-04 17:00:00,2020-05-04 14:59:30,2020-05-04 15:00:00,24,,202006,202009,202012,202103,202106,202109
2020-05-05,O,2020-05-04 18:00:00,2020-05-05 17:00:00,2020-05-05 14:59:30,2020-05-05 15:00:00,23,,202006,202009,202012,202103,202106,202109
2020-05-06,O,2020-05-05 18:00:00,2020-05-06 17:00:00,2020-05-06 14:59:30,2020-05-06 15:00:00,22,,202006,202009,202012,202103,202106,202109
2020-05-07,O,2020-05-06 18:00:00,2020-05-07 17:00:00,2020-05-07 14:59:30,2020-05-07 15:00:00,21,,202006,202009,202012,202103,202106,202109
2020-05-08,O,2020-05-07 18:00:00,2020-05-08 17:00:00,2020-05-08 14:59:30,2020-05-08 15:00:00,20,,202006,202009,202012,202103,202106,202109
2020-05-11,O,2020-05-10 18:00:00,2020-05-11 17:00:00,2020-05-11 14:59:30,2020-05-11 15:00:00,19,,202006,202009,202012,202103,202106,202109
2020-05-12,O,2020-05-11 18:00:00,2020-05-12 17:00:00,2020-05-12 14:59:30,2020-05-12 15:00:00,18,,202006,202009,202012,202103,202106,202109
2020-05-13,O,2020-05-12 18:00:00,2020-05-13 17:00:00,2020-05-13 14:59:30,2020-05-13 15:00:00,17,,202006,202009,202012,202103,202106,202109
2020-05-14,O,2020-05-13 18:00:00,2020-05-14 17:00:00,2020-05-14 14:59:30,2020-05-14 15:00:00,16,,202006,202009,202012,202103,202106,202109
2020-05-15,O,2020-05-14 18:00:00,2020-05-15 17:00:00,2020-05-15 14:59:30,2020-05-15 15:00:00,15,,202006,202009,202012,202103,202106,202109
2020-05-18,O,2020-05-17 18:00:00,2020-05-18 17:00:00,2020-05-18 14:59:30,2020-05-18 15:00:00,14,,202006,202009,202012,202103,202106,202109
2020-05-19,O,2020-05-18 18:00:00,2020-05-19 17:00:00,2020-05-19 14:59:30,2020-05-19 15:00:00,13,,202006,202009,202012,202103,202106,202109
2020-05-20,O,2020-05-19 18:00:00,2020-05-20 17:00:00,2020-05-20 14:59:30,2020-05-20 15:00:00,12,,202006,202009,202012,202103,202106,202109
2020-05-21,O,2020-05-20 18:00:00,2020-05-21 17:00:00,2020-05-21 14:59:30,2020-05-21 15:00:00,11,,202006,202009,202012,202103,202106,202109
2020-05-22,O,2020-05-21 18:00:00,2020-05-22 17:00:00,2020-05-22 14:59:30,2020-05-22 15:00:00,10,,202006,202009,202012,202103,202106,202109
2020-05-25,X,,,,,,,,,,,,
2020-05-26,O,2020-05-25 18:00:00,2020-05-26 17:00:00,2020-05-26 14:59:30,2020-05-26 15:00:00,9,,202006,202009,202012,202103,202106,202109
2020-05-27,O,2020-05-26 18:00:00,2020-05-27 17:00:00,2020-05-27 14:59:30,2020-05-27 15:00:00,8,,202006,202009,202012,202103,202106,202109
2020-05-28,O,2020-05-27 18:00:00,2020-05-28 17:00:00,2020-05-28 14:59:30,2020-05-28 15:00:00,7,,202006,202009,202012,202103,202106,202109
2020-05-29,O,2020-05-28 18:00:00,2020-05-29 17:00:00,2020-05-29 14:59:30,2020-05-29 15:00:00,6,,202006,202009,202012,202103,202106,202109
2020-06-01,O,2020-05-31 18:00:00,2020-06-01 17:00:00,2020-06-01 14:59:30,2020-06-01 15:00:00,5,,202006,202009,202012,202103,202106,202109
2020-06-02,O,2020-06-01 18:00:00,2020-06-02 17:00:00,2020-06-02 14:59:30,2020-06-02 15:00:00,4,,202006,202009,202012,202103,202106,202109
2020-06-03,O,2020-06-02 18:00:00,2020-06-03 17:00:00,2020-06-03 14:59:30,2020-06-03 15:00:00,3,,202006,202009,202012,202103,202106,202109
2020-06-04,O,2020-06-03 18:00:00,2020-06-04 17:00:00,2020-06-04 14:59:30,2020-06-04 15:00:00,2,,202006,202009,202012,202103,202106,202109
2020-06-05,O,2020-06-04 18:00:00,2020-06-05 17:00:00,2020-06-05 14:59:30,2020-06-05 15:00:00,1,,202006,202009,202012,202103,202106,202109
2020-06-08,O,2020-06-07 18:00:00,2020-06-08 17:00:00,2020-06-08 14:59:30,2020-06-08 15:00:00,0,,202006,202009,202012,202103,202106,202109
2020-06-09,O,2020-06-08 18:00:00,2020-06-09 17:00:00,2020-06-09 14:59:30,2020-06-09 15:00:00,62,202006,202009,202012,202103,202106,202109,202112
2020-06-10,O,2020-06-09 18:00:00,2020-06-10 17:00:00,2020-06-10 14:59:30,2020-06-10 15:00:00,61,202006,202009,202012,202103,202106,202109,202112
2020-06-11,O,2020-06-10 18:00:00,2020-06-11 17:00:00,2020-06-11 14:59:30,2020-06-11 15:00:00,60,202006,202009,202012,202103,202106,202109,202112
2020-06-12,O,2020-06-11 18:00:00,2020-06-12 17:00:00,2020-06-12 14:59:30,2020-06-12 15:00:00,59,202006,202009,202012,202103,202106,202109,202112
2020-06-15,O,2020-06-14 18:00:00,2020-06-15 17:00:00,2020-06-15 14:59:30,2020-06-15 15:00:00,58,202006,202009,202012,202103,202106,202109,202112
2020-06-16,O,2020-06-15 18:00:00,2020-06-16 17:00:00,2020-06-16 14:59:30,2020-06-16 15:00:00,57,,202009,202012,202103,202106,202109,202112
2020-06-17,O,2020-06-16 18:00:00,2020-06-17 17:00:00,2020-06-17 14:59:30,2020-06-17 15:00:00,56,,202009,202012,202103,202106,202109,202112
2020-06-18,O,2020-06-17 18:00:00,2020-06-18 17:00:00,2020-06-18 14:59:30,2020-06-18 15:00:00,55,,202009,202012,202103,202106,202109,202112
2020-06-19,O,2020-06-18 18:00:00,2020-06-19 17:00:00,2020-06-19 14:59:30,2020-06-19 15:00:00,54,,202009,202012,202103,202106,202109,202112
2020-06-22,O,2020-06-21 18:00:00,2020-06-22 17:00:00,2020-06-22 14:59:30,2020-06-22 15:00:00,53,,202009,202012,202103,202106,202109,202112
2020-06-23,O,2020-06-22 18:00:00,2020-06-23 17:00:00,2020-06-23 14:59:30,2020-06-23 15:00:00,52,,202009,202012,202103,202106,202109,202112
2020-06-24,O,2020-06-23 18:00:00,2020-06-24 17:00:00,2020-06-24 14:59:30,2020-06-24 15:00:00,51,,202009,202012,202103,202106,202109,202112
2020-06-25,O,2020-06-24 18:00:00,2020-06-25 17:00:00,2020-06-25 14:59:30,2020-06-25 15:00:00,50,,202009,202012,202103,202106,202109,202112
2020-06-26,O,2020-06-25 18:00:00,2020-06-26 17:00:00,2020-06-26 14:59:30,2020-06-26 15:00:00,49,,202009,202012,202103,202106,202109,202112
2020-06-29,O,2020-06-28 18:00:00,2020-06-29 17:00:00,2020-06-29 14:59:30,2020-06-29 15:00:00,48,,202009,202012,202103,202106,202109,202112
2020-06-30,O,2020-06-29 18:00:00,2020-06-30 17:00:00,2020-06-30 14:59:30,2020-06-30 15:00:00,47,,202009,202012,202103,202106,202109,202112
2020-07-01,O,2020-06-30 18:00:00,2020-07-01 17:00:00,2020-07-01 14:59:30,2020-07-01 15:00:00,46,,202009,202012,202103,202106,202109,202112
2020-07-02,O,2020-07-01 18:00:00,2020-07-02 17:00:00,2020-07-02 14:59:30,2020-07-02 15:00:00,45,,202009,202012,202103,202106,202109,202112
2020-07-03,X,,,,,,,,,,,,
2020-07-06,O,2020-07-05 18:00:00,2020-07-06 17:00:00,2020-07-06 14:59:30,2020-07-06 15:00:00,44,,202009,202012,202103,202106,202109,202112
2020-07-07,O,2020-07-06 18:00:00,2020-07-07 17:00:00,2020-07-07 14:59:30,2020-07-07 15:00:00,43,,202009,202012,202103,202106,202109,202112
2020-07-08,O,2020-07-07 18:00:00,2020-07-08 17:00:00,2020-07-08 14:59:30,2020-07-08 15:00:00,42,,202009,202012,202103,202106,202109,202112
2020-07-09,O,2020-07-08 18:00:00,2020-07-09 17:00:00,2020-07-09 14:59:30,2020-07-09 15:00:00,41,,202009,202012,202103,202106,202109,202112
2020-07-10,O,2020-07-09 18:00:00,2020-07-10 17:00:00,2020-07-10 14:59:30,2020-07-10 15:00:00,40,,202009,202012,202103,202106,202109,202112
2020-07-13,O,2020-07-12 18:00:00,2020-07-13 17:00:00,2020-07-13 14:59:30,2020-07-13 15:00:00,39,,202009,202012,202103,202106,202109,202112
2020-07-14,O,2020-07-13 18:00:00,2020-07-14 17:00:00,2020-07-14 14:59:30,2020-07-14 15:00:00,38,,202009,202012,202103,202106,202109,202112
2020-07-15,O,2020-07-14 18:00:00,2020-07-15 17:00:00,2020-07-15 14:59:30,2020-07-15 15:00:00,37,,202009,202012,202103,202106,202109,202112
2020-07-16,O,2020-07-15 18:00:00,2020-07-16 17:00:00,2020-07-16 14:59:30,2020-07-16 15:00:00,36,,202009,202012,202103,202106,202109,202112
2020-07-17,O,2020-07-16 18:00:00,2020-07-17 17:00:00,2020-07-17 14:59:30,2020-07-17 15:00:00,35,,202009,202012,202103,202106,202109,202112
2020-07-20,O,2020-07-19 18:00:00,2020-07-20 17:00:00,2020-07-20 14:59:30,2020-07-20 15:00:00,34,,202009,202012,202103,202106,202109,202112
2020-07-21,O,2020-07-20 18:00:00,2020-07-21 17:00:00,2020-07-21 14:59:30,2020-07-21 15:00:00,33,,202009,202012,202103,202106,202109,202112
2020-07-22,O,2020-07-21 18:00:00,2020-07-22 17:00:00,2020-07-22 14:59:30,2020-07-22 15:00:00,32,,202009,202012,202103,202106,202109,202112
2020-07-23,O,2020-07-22 18:00:00,2020-07-23 17:00:00,2020-07-23 14:59:30,2020-07-23 15:00:00,31,,202009,202012,202103,202106,202109,202112
2020-07-24,O,2020-07-23 18:00:00,2020-07-24 17:00:00,2020-07-24 14:59:30,2020-07-24 15:00:00,30,,202009,202012,202103,202106,202109,202112
2020-07-27,O,2020-07-26 18:00:00,2020-07-27 17:00:00,2020-07-27 14:59:30,2020-07-27 15:00:00,29,,202009,202012,202103,202106,202109,202112
2020-07-28,O,2020-07-27 18:00:00,2020-07-28 17:00:00,2020-07-28 14:59:30,2020-07-28 15:00:00,28,,202009,202012,202103,202106,202109,202112
2020-07-29,O,2020-07-28 18:00:00,2020-07-29 17:00:00,2020-07-29 14:59:30,2020-07-29 15:00:00,27,,202009,202012,202103,202106,202109,202112
2020-07-30,O,2020-07-29 18:00:00,2020-07-30 17:00:00,2020-07-30 14:59:30,2020-07-30 15:00:00,26,,202009,202012,202103,202106,202109,202112
2020-07-31,O,2020-07-30 18:00:00,2020-07-31 17:00:00,2020-07-31 14:59:30,2020-07-31 15:00:00,25,,202009,202012,202103,202106,202109,202112
2020-08-03,O,2020-08-02 18:00:00,2020-08-03 17:00:00,2020-08-03 14:59:30,2020-08-03 15:00:00,24,,202009,202012,202103,202106,202109,202112
2020-08-04,O,2020-08-03 18:00:00,2020-08-04 17:00:00,2020-08-04 14:59:30,2020-08-04 15:00:00,23,,202009,202012,202103,202106,202109,202112
2020-08-05,O,2020-08-04 18:00:00,2020-08-05 17:00:00,2020-08-05 14:59:30,2020-08-05 15:00:00,22,,202009,202012,202103,202106,202109,202112
2020-08-06,O,2020-08-05 18:00:00,2020-08-06 17:00:00,2020-08-06 14:59:30,2020-08-06 15:00:00,21,,202009,202012,202103,202106,202109,202112
2020-08-07,O,2020-08-06 18:00:00,2020-08-07 17:00:00,2020-08-07 14:59:30,2020-08-07 15:00:00,20,,202009,202012,202103,202106,202109,202112
2020-08-10,O,2020-08-09 18:00:00,2020-08-10 17:00:00,2020-08-10 14:59:30,2020-08-10 15:00:00,19,,202009,202012,202103,202106,202109,202112
2020-08-11,O,2020-08-10 18:00:00,2020-08-11 17:00:00,2020-08-11 14:59:30,2020-08-11 15:00:00,18,,202009,202012,202103,202106,202109,202112
2020-08-12,O,2020-08-11 18:00:00,2020-08-12 17:00:00,2020-08-12 14:59:30,2020-08-12 15:00:00,17,,202009,202012,202103,202106,202109,202112
2020-08-13,O,2020-08-12 18:00:00,2020-08-13 17:00:00,2020-08-13 14:59:30,2020-08-13 15:00:00,16,,202009,202012,202103,202106,202109,202112
2020-08-14,O,2020-08-13 18:00:00,2020-08-14 17:00:00,2020-08-14 14:59:30,2020-08-14 15:00:00,15,,202009,202012,202103,202106,202109,202112
2020-08-17,O,2020-08-16 18:00:00,2020-08-17 17:00:00,2020-08-17 14:59:30,2020-08-17 15:00:00,14,,202009,202012,202103,202106,202109,202112
2020-08-18,O,2020-08-17 18:00:00,2020-08-18 17:00:00,2020-08-18 14:59:30,2020-08-18 15:00:00,13,,202009,202012,202103,202106,202109,202112
2020-08-19,O,2020-08-18 18:00:00,2020-08-19 17:00:00,2020-08-19 14:59:30,2020-08-19 15:00:00,12,,202009,202012,202103,202106,202109,202112
2020-08-20,O,2020-08-19 18:00:00,2020-08-20 17:00:00,2020-08-20 14:59:30,2020-08-20 15:00:00,11,,202009,202012,202103,202106,202109,202112
2020-08-21,O,2020-08-20 18:00:00,2020-08-21 17:00:00,2020-08-21 14:59:30,2020-08-21 15:00:00,10,,202009,202012,202103,202106,202109,202112
2020-08-24,O,2020-08-23 18:00:00,2020-08-24 17:00:00,2020-08-24 14:59:30,2020-08-24 15:00:00,9,,202009,202012,202103,202106,202109,202112
2020-08-25,O,2020-08-24 18:00:00,2020-08-25 17:00:00,2020-08-25 14:59:30,2020-08-25 15:00:00,8,,202009,202012,202103,202106,202109,202112
2020-08-26,O,2020-08-25 18:00:00,2020-08-26 17:00:00,2020-08-26 14:59:30,2020-08-26 15:00:00,7,,202009,202012,202103,202106,202109,202112
2020-08-27,O,2020-08-26 18:00:00,2020-08-27 17:00:00,2020-08-27 14:59:30,2020-08-27 15:00:00,6,,202009,202012,202103,202106,202109,202112
2020-08-28,O,2020-08-27 18:00:00,2020-08-28 17:00:00,2020-08-28 14:59:30,2020-08-28 15:00:00,5,,202009,202012,202103,202106,202109,202112
2020-08-31,O,2020-08-30 18:00:00,2020-08-31 17:00:00,2020-08-31 14:59:30,2020-08-31 15:00:00,4,,202009,202012,202103,202106,202109,202112
2020-09-01,O,2020-08-31 18:00:00,2020-09-01 17:00:00,2020-09-01 14:59:30,2020-09-01 15:00:00,3,,202009,202012,202103,202106,202109,202112
2020-09-02,O,2020-09-01 18:00:00,2020-09-02 17:00:00,2020-09-02 14:59:30,2020-09-02 15:00:00,2,,202009,202012,202103,202106,202109,202112
2020-09-03,O,2020-09-02 18:00:00,2020-09-03 17:00:00,2020-09-03 14:59:30,2020-09-03 15:00:00,1,,202009,202012,202103,202106,202109,202112
2020-09-04,O,2020-09-03 18:00:00,2020-09-04 17:00:00,2020-09-04 14:59:30,2020-09-04 15:00:00,0,,202009,202012,202103,202106,202109,202112
2020-09-07,X,,,,,,,,,,,,
2020-09-08,O,2020-09-07 18:00:00,2020-09-08 17:00:00,2020-09-08 14:59:30,2020-09-08 15:00:00,63,202009,202012,202103,202106,202109,202112,202203
2020-09-09,O,2020-09-08 18:00:00,2020-09-09 17:00:00,2020-09-09 14:59:30,2020-09-09 15:00:00,62,202009,202012,202103,202106,202109,202112,202203
2020-09-10,O,2020-09-09 18:00:00,2020-09-10 17:00:00,2020-09-10 14:59:30,2020-09-10 15:00:00,61,202009,202012,202103,202106,202109,202112,202203
2020-09-11,O,2020-09-10 18:00:00,2020-09-11 17:00:00,2020-09-11 14:59:30,2020-09-11 15:00:00,60,202009,202012,202103,202106,202109,202112,202203
2020-09-14,O,2020-09-13 18:00:00,2020-09-14 17:00:00,2020-09-14 14:59:30,2020-09-14 15:00:00,59,202009,202012,202103,202106,202109,202112,202203
2020-09-15,O,2020-09-14 18:00:00,2020-09-15 17:00:00,2020-09-15 14:59:30,2020-09-15 15:00:00,58,,202012,202103,202106,202109,202112,202203
2020-09-16,O,2020-09-15 18:00:00,2020-09-16 17:00:00,2020-09-16 14:59:30,2020-09-16 15:00:00,57,,202012,202103,202106,202109,202112,202203
2020-09-17,O,2020-09-16 18:00:00,2020-09-17 17:00:00,2020-09-17 14:59:30,2020-09-17 15:00:00,56,,202012,202103,202106,202109,202112,202203
2020-09-18,O,2020-09-17 18:00:00,2020-09-18 17:00:00,2020-09-18 14:59:30,2020-09-18 15:00:00,55,,202012,202103,202106,202109,202112,202203
2020-09-21,O,2020-09-20 18:00:00,2020-09-21 17:00:00,2020-09-21 14:59:30,2020-09-21 15:00:00,54,,202012,202103,202106,202109,202112,202203
2020-09-22,O,2020-09-21 18:00:00,2020-09-22 17:00:00,2020-09-22 14:59:30,2020-09-22 15:00:00,53,,202012,202103,202106,202109,202112,202203
2020-09-23,O,2020-09-22 18:00:00,2020-09-23 17:00:00,2020-09-23 14:59:30,2020-09-23 15:00:00,52,,202012,202103,202106,202109,202112,202203
2020-09-24,O,2020-09-23 18:00:00,2020-09-24 17:00:00,2020-09-24 14:59:30,2020-09-24 15:00:00,51,,202012,202103,202106,202109,202112,202203
2020-09-25,O,2020-09-24 18:00:00,2020-09-25 17:00:00,2020-09-25 14:59:30,2020-09-25 15:00:00,50,,202012,202103,202106,202109,202112,202203
2020-09-28,O,2020-09-27 18:00:00,2020-09-28 17:00:00,2020-09-28 14:59:30,2020-09-28 15:00:00,49,,202012,202103,202106,202109,202112,202203
2020-09-29,O,2020-09-28 18:00:00,2020-09-29 17:00:00,2020-09-29 14:59:30,2020-09-29 15:00:00,48,,202012,202103,202106,202109,202112,202203
2020-09-30,O,2020-09-29 18:00:00,2020-09-30 17:00:00,2020-09-30 14:59:30,2020-09-30 15:00:00,47,,202012,202103,202106,202109,202112,202203
2020-10-01,O,2020-09-30 18:00:00,2020-10-01 17:00:00,2020-10-01 14:59:30,2020-10-01 15:00:00,46,,202012,202103,202106,202109,202112,202203
2020-10-02,O,2020-10-01 18:00:00,2020-10-02 17:00:00,2020-10-02 14:59:30,2020-10-02 15:00:00,45,,202012,202103,202106,202109,202112,202203
2020-10-05,O,2020-10-04 18:00:00,2020-10-05 17:00:00,2020-10-05 14:59:30,2020-10-05 15:00:00,44,,202012,202103,202106,202109,202112,202203
2020-10-06,O,2020-10-05 18:00:00,2020-10-06 17:00:00,2020-10-06 14:59:30,2020-10-06 15:00:00,43,,202012,202103,202106,202109,202112,202203
2020-10-07,O,2020-10-06 18:00:00,2020-10-07 17:00:00,2020-10-07 14:59:30,2020-10-07 15:00:00,42,,202012,202103,202106,202109,202112,202203
2020-10-08,O,2020-10-07 18:00:00,2020-10-08 17:00:00,2020-10-08 14:59:30,2020-10-08 15:00:00,41,,202012,202103,202106,202109,202112,202203
2020-10-09,O,2020-10-08 18:00:00,2020-10-09 17:00:00,2020-10-09 14:59:30,2020-10-09 15:00:00,40,,202012,202103,202106,202109,202112,202203
2020-10-12,O,2020-10-11 18:00:00,2020-10-12 17:00:00,2020-10-12 14:59:30,2020-10-12 15:00:00,39,,202012,202103,202106,202109,202112,202203
2020-10-13,O,2020-10-12 18:00:00,2020-10-13 17:00:00,2020-10-13 14:59:30,2020-10-13 15:00:00,38,,202012,202103,202106,202109,202112,202203
2020-10-14,O,2020-10-13 18:00:00,2020-10-14 17:00:00,2020-10-14 14:59:30,2020-10-14 15:00:00,37,,202012,202103,202106,202109,202112,202203
2020-10-15,O,2020-10-14 18:00:00,2020-10-15 17:00:00,2020-10-15 14:59:30,2020-10-15 15:00:00,36,,202012,202103,202106,202109,202112,202203
2020-10-16,O,2020-10-15 18:00:00,2020-10-16 17:00:00,2020-10-16 14:59:30,2020-10-16 15:00:00,35,,202012,202103,202106,202109,202112,202203
2020-10-19,O,2020-10-18 18:00:00,2020-10-19 17:00:00,2020-10-19 14:59:30,2020-10-19 15:00:00,34,,202012,202103,202106,202109,202112,202203
2020-10-20,O,2020-10-19 18:00:00,2020-10-20 17:00:00,2020-10-20 14:59:30,2020-10-20 15:00:00,33,,202012,202103,202106,202109,202112,202203
2020-10-21,O,2020-10-20 18:00:00,2020-10-21 17:00:00,2020-10-21 14:59:30,2020-10-21 15:00:00,32,,202012,202103,202106,202109,202112,202203
2020-10-22,O,2020-10-21 18:00:00,2020-10-22 17:00:00,2020-10-22 14:59:30,2020-10-22 15:00:00,31,,202012,202103,202106,202109,202112,202203
2020-10-23,O,2020-10-22 18:00:00,2020-10-23 17:00:00,2020-10-23 14:59:30,2020-10-23 15:00:00,30,,202012,202103,202106,202109,202112,202203
2020-10-26,O,2020-10-25 18:00:00,2020-10-26 17:00:00,2020-10-26 14:59:30,2020-10-26 15:00:00,29,,202012,202103,202106,202109,202112,202203
2020-10-27,O,2020-10-26 18:00:00,2020-10-27 17:00:00,2020-10-27 14:59:30,2020-10-27 15:00:00,28,,202012,202103,202106,202109,202112,202203
2020-10-28,O,2020-10-27 18:00:00,2020-10-28 17:00:00,2020-10-28 14:59:30,2020-10-28 15:00:00,27,,202012,202103,202106,202109,202112,202203
2020-10-29,O,2020-10-28 18:00:00,2020-10-29 17:00:00,2020-10-29 14:59:30,2020-10-29 15:00:00,26,,202012,202103,202106,202109,202112,202203
2020-10-30,O,2020-10-29 18:00:00,2020-10-30 17:00:00,2020-10-30 14:59:30,2020-10-30 15:00:00,25,,202012,202103,202106,202109,202112,202203
2020-11-02,O,2020-11-01 18:00:00,2020-11-02 17:00:00,2020-11-02 14:59:30,2020-11-02 15:00:00,24,,202012,202103,202106,202109,202112,202203
2020-11-03,O,2020-11-02 18:00:00,2020-11-03 17:00:00,2020-11-03 14:59:30,2020-11-03 15:00:00,23,,202012,202103,202106,202109,202112,202203
2020-11-04,O,2020-11-03 18:00:00,2020-11-04 17:00:00,2020-11-04 14:59:30,2020-11-04 15:00:00,22,,202012,202103,202106,202109,202112,202203
2020-11-05,O,2020-11-04 18:00:00,2020-11-05 17:00:00,2020-11-05 14:59:30,2020-11-05 15:00:00,21,,202012,202103,202106,202109,202112,202203
2020-11-06,O,2020-11-05 18:00:00,2020-11-06 17:00:00,2020-11-06 14:59:30,2020-11-06 15:00:00,20,,202012,202103,202106,202109,202112,202203
2020-11-09,O,2020-11-08 18:00:00,2020-11-09 17:00:00,2020-11-09 14:59:30,2020-11-09 15:00:00,19,,202012,202103,202106,202109,202112,202203
2020-11-10,O,2020-11-09 18:00:00,2020-11-10 17:00:00,2020-11-10 14:59:30,2020-11-10 15:00:00,18,,202012,202103,202106,202109,202112,202203
2020-11-11,O,2020-11-10 18:00:00,2020-11-11 17:00:00,2020-11-11 14:59:30,2020-11-11 15:00:00,17,,202012,202103,202106,202109,202112,202203
2020-11-12,O,2020-11-11 18:00:00,2020-11-12 17:00:00,2020-11-12 14:59:30,2020-11-12 15:00:00,16,,202012,202103,202106,202109,202112,202203
2020-11-13,O,2020-11-12 18:00:00,2020-11-13 17:00:00,2020-11-13 14:59:30,2020-11-13 15:00:00,15,,202012,202103,202106,202109,202112,202203
2020-11-16,O,2020-11-15 18:00:00,2020-11-16 17:00:00,2020-11-16 14:59:30,2020-11-16 15:00:00,14,,202012,202103,202106,202109,202112,202203
2020-11-17,O,2020-11-16 18:00:00,2020-11-17 17:00:00,2020-11-17 14:59:30,2020-11-17 15:00:00,13,,202012,202103,202106,202109,202112,202203
2020-11-18,O,2020-11-17 18:00:00,2020-11-18 17:00:00,2020-11-18 14:59:30,2020-11-18 15:00:00,12,,202012,202103,202106,202109,202112,202203
2020-11-19,O,2020-11-18 18:00:00,2020-11-19 17:00:00,2020-11-19 14:59:30,2020-11-19 15:00:00,11,,202012,202103,202106,202109,202112,202203
2020-11-20,O,2020-11-19 18:00:00,2020-11-20 17:00:00,2020-11-20 14:59:30,2020-11-20 15:00:00,10,,202012,202103,202106,202109,202112,202203
2020-11-23,O,2020-11-22 18:00:00,2020-11-23 17:00:00,2020-11-23 14:59:30,2020-11-23 15:00:00,9,,202012,202103,202106,202109,202112,202203
2020-11-24,O,2020-11-23 18:00:00,2020-11-24 17:00:00,2020-11-24 14:59:30,2020-11-24 15:00:00,8,,202012,202103,202106,202109,202112,202203
2020-11-25,O,2020-11-24 18:00:00,2020-11-25 17:00:00,2020-11-25 14:59:30,2020-11-25 15:00:00,7,,202012,202103,202106,202109,202112,202203
2020-11-26,X,,,,,,,,,,,,
2020-11-27,O,2020-11-26 18:00:00,2020-11-27 17:00:00,2020-11-27 14:59:30,2020-11-27 15:00:00,6,,202012,202103,202106,202109,202112,202203
2020-11-30,O,2020-11-29 18:00:00,2020-11-30 17:00:00,2020-11-30 14:59:30,2020-11-30 15:00:00,5,,202012,202103,202106,202109,202112,202203
2020-12-01,O,2020-11-30 18:00:00,2020-12-01 17:00:00,2020-12-01 14:59:30,2020-12-01 15:00:00,4,,202012,202103,202106,202109,202112,202203
2020-12-02,O,2020-12-01 18:00:00,2020-12-02 17:00:00,2020-12-02 14:59:30,2020-12-02 15:00:00,3,,202012,202103,202106,202109,202112,202203
2020-12-03,O,2020-12-02 18:00:00,2020-12-03 17:00:00,2020-12-03 14:59:30,2020-12-03 15:00:00,2,,202012,202103,202106,202109,202112,202203
2020-12-04,O,2020-12-03 18:00:00,2020-12-04 17:00:00,2020-12-04 14:59:30,2020-12-04 15:00:00,1,,202012,202103,202106,202109,202112,202203
2020-12-07,O,2020-12-06 18:00:00,2020-12-07 17:00:00,2020-12-07 14:59:30,2020-12-07 15:00:00,0,,202012,202103,202106,202109,202112,202203
2020-12-08,O,2020-12-07 18:00:00,2020-12-08 17:00:00,2020-12-08 14:59:30,2020-12-08 15:00:00,60,202012,202103,202106,202109,202112,202203,202206
2020-12-09,O,2020-12-08 18:00:00,2020-12-09 17:00:00,2020-12-09 14:59:30,2020-12-09 15:00:00,59,202012,202103,202106,202109,202112,202203,202206
2020-12-10,O,2020-12-09 18:00:00,2020-12-10 17:00:00,2020-12-10 14:59:30,2020-12-10 15:00:00,58,202012,202103,202106,202109,202112,202203,202206
2020-12-11,O,2020-12-10 18:00:00,2020-12-11 17:00:00,2020-12-11 14:59:30,2020-12-11 15:00:00,57,202012,202103,202106,202109,202112,202203,202206
2020-12-14,O,2020-12-13 18:00:00,2020-12-14 17:00:00,2020-12-14 14:59:30,2020-12-14 15:00:00,56,202012,202103,202106,202109,202112,202203,202206
2020-12-15,O,2020-12-14 18:00:00,2020-12-15 17:00:00,2020-12-15 14:59:30,2020-12-15 15:00:00,55,,202103,202106,202109,202112,202203,202206
2020-12-16,O,2020-12-15 18:00:00,2020-12-16 17:00:00,2020-12-16 14:59:30,2020-12-16 15:00:00,54,,202103,202106,202109,202112,202203,202206
2020-12-17,O,2020-12-16 18:00:00,2020-12-17 17:00:00,2020-12-17 14:59:30,2020-12-17 15:00:00,53,,202103,202106,202109,202112,202203,202206
2020-12-18,O,2020-12-17 18:00:00,2020-12-18 17:00:00,2020-12-18 14:59:30,2020-12-18 15:00:00,52,,202103,202106,202109,202112,202203,202206
2020-12-21,O,2020-12-20 18:00:00,2020-12-21 17:00:00,2020-12-21 14:59:30,2020-12-21 15:00:00,51,,202103,202106,202109,202112,202203,202206
2020-12-22,O,2020-12-21 18:00:00,2020-12-22 17:00:00,2020-12-22 14:59:30,2020-12-22 15:00:00,50,,202103,202106,202109,202112,202203,202206
2020-12-23,O,2020-12-22 18:00:00,2020-12-23 17:00:00,2020-12-23 14:59:30,2020-12-23 15:00:00,49,,202103,202106,202109,202112,202203,202206
2020-12-24,O,2020-12-23 18:00:00,2020-12-24 17:00:00,2020-12-24 14:59:30,2020-12-24 15:00:00,48,,202103,202106,202109,202112,202203,202206
2020-12-25,X,,,,,,,,,,,,
2020-12-28,O,2020-12-27 18:00:00,2020-12-28 17:00:00,2020-12-28 14:59:30,2020-12-28 15:00:00,47,,202103,202106,202109,202112,202203,202206
2020-12-29,O,2020-12-28 18:00:00,2020-12-29 17:00:00,2020-12-29 14:59:30,2020-12-29 15:00:00,46,,202103,202106,202109,202112,202203,202206
2020-12-30,O,2020-12-29 18:00:00,2020-12-30 17:00:00,2020-12-30 14:59:30,2020-12-30 15:00:00,45,,202103,202106,202109,202112,202203,202206
2020-12-31,O,2020-12-30 18:00:00,2020-12-31 17:00:00,2020-12-31 14:59:30,2020-12-31 15:00:00,44,,202103,202106,202109,202112,202203,202206
2021-01-01,X,,,,,,,,,,,,
2021-01-04,O,2021-01-03 18:00:00,2021-01-04 17:00:00,2021-01-04 14:59:30,2021-01-04 15:00:00,43,,202103,202106,202109,202112,202203,202206
2021-01-05,O,2021-01-04 18:00:00,2021-01-05 17:00:00,2021-01-05 14:59:30,2021-01-05 15:00:00,42,,202103,202106,202109,202112,202203,202206
2021-01-06,O,2021-01-05 18:00:00,2021-01-06 17:00:00,2021-01-06 14:59:30,2021-01-06 15:00:00,41,,202103,202106,202109,202112,202203,202206
2021-01-07,O,2021-01-06 18:00:00,2021-01-07 17:00:00,2021-01-07 14:59:30,2021-01-07 15:00:00,40,,202103,202106,202109,202112,202203,202206
2021-01-08,O,2021-01-07 18:00:00,2021-01-08 17:00:00,2021-01-08 14:59:30,2021-01-08 15:00:00,39,,202103,202106,202109,202112,202203,202206
2021-01-11,O,2021-01-10 18:00:00,2021-01-11 17:00:00,2021-01-11 14:59:30,2021-01-11 15:00:00,38,,202103,202106,202109,202112,202203,202206
2021-01-12,O,2021-01-11 18:00:00,2021-01-12 17:00:00,2021-01-12 14:59:30,2021-01-12 15:00:00,37,,202103,202106,202109,202112,202203,202206
2021-01-13,O,2021-01-12 18:00:00,2021-01-13 17:00:00,2021-01-13 14:59:30,2021-01-13 15:00:00,36,,202103,202106,202109,202112,202203,202206
2021-01-14,O,2021-01-13 18:00:00,2021-01-14 17:00:00,2021-01-14 14:59:30,2021-01-14 15:00:00,35,,202103,202106,202109,202112,202203,202206
2021-01-15,O,2021-01-14 18:00:00,2021-01-15 17:00:00,2021-01-15 14:59:30,2021-01-15 15:00:00,34,,202103,202106,202109,202112,202203,202206
2021-01-18,X,,,,,,,,,,,,
2021-01-19,O,2021-01-18 18:00:00,2021-01-19 17:00:00,2021-01-19 14:59:30,2021-01-19 15:00:00,33,,202103,202106,202109,202112,202203,202206
2021-01-20,O,2021-01-19 18:00:00,2021-01-20 17:00:00,2021-01-20 14:59:30,2021-01-20 15:00:00,32,,202103,202106,202109,202112,202203,202206
2021-01-21,O,2021-01-20 18:00:00,2021-01-21 17:00:00,2021-01-21 14:59:30,2021-01-21 15:00:00,31,,202103,202106,202109,202112,202203,202206
2021-01-22,O,2021-01-21 18:00:00,2021-01-22 17:00:00,2021-01-22 14:59:30,2021-01-22 15:00:00,30,,202103,202106,202109,202112,202203,202206
2021-01-25,O,2021-01-24 18:00:00,2021-01-25 17:00:00,2021-01-25 14:59:30,2021-01-25 15:00:00,29,,202103,202106,202109,202112,202203,202206
2021-01-26,O,2021-01-25 18:00:00,2021-01-26 17:00:00,2021-01-26 14:59:30,2021-01-26 15:00:00,28,,202103,202106,202109,202112,202203,202206
2021-01-27,O,2021-01-26 18:00:00,2021-01-27 17:00:00,2021-01-27 14:59:30,2021-01-27 15:00:00,27,,202103,202106,202109,202112,202203,202206
2021-01-28,O,2021-01-27 18:00:00,2021-01-28 17:00:00,2021-01-28 14:59:30,2021-01-28 15:00:00,26,,202103,202106,202109,202112,202203,202206
2021-01-29,O,2021-01-28 18:00:00,2021-01-29 17:00:00,2021-01-29 14:59:30,2021-01-29 15:00:00,25,,202103,202106,202109,202112,202203,202206
2021-02-01,O,2021-01-31 18:00:00,2021-02-01 17:00:00,2021-02-01 14:59:30,2021-02-01 15:00:00,24,,202103,202106,202109,202112,202203,202206
2021-02-02,O,2021-02-01 18:00:00,2021-02-02 17:00:00,2021-02-02 14:59:30,2021-02-02 15:00:00,23,,202103,202106,202109,202112,202203,202206
2021-02-03,O,2021-02-02 18:00:00,2021-02-03 17:00:00,2021-02-03 14:59:30,2021-02-03 15:00:00,22,,202103,202106,202109,202112,202203,202206
2021-02-04,O,2021-02-03 18:00:00,2021-02-04 17:00:00,2021-02-04 14:59:30,2021-02-04 15:00:00,21,,202103,202106,202109,202112,202203,202206
2021-02-05,O,2021-02-04 18:00:00,2021-02-05 17:00:00,2021-02-05 14:59:30,2021-02-05 15:00:00,20,,202103,202106,202109,202112,202203,202206
2021-02-08,O,2021-02-07 18:00:00,2021-02-08 17:00:00,2021-02-08 14:59:30,2021-02-08 15:00:00,19,,202103,202106,202109,202112,202203,202206
2021-02-09,O,2021-02-08 18:00:00,2021-02-09 17:00:00,2021-02-09 14:59:30,2021-02-09 15:00:00,18,,202103,202106,202109,202112,202203,202206
2021-02-10,O,2021-02-09 18:00:00,2021-02-10 17:00:00,2021-02-10 14:59:30,2021-02-10 15:00:00,17,,202103,202106,202109,202112,202203,202206
2021-02-11,O,2021-02-10 18:00:00,2021-02-11 17:00:00,2021-02-11 14:59:30,2021-02-11 15:00:00,16,,202103,202106,202109,202112,202203,202206
2021-02-12,O,2021-02-11 18:00:00,2021-02-12 17:00:00,2021-02-12 14:59:30,2021-02-12 15:00:00,15,,202103,202106,202109,202112,202203,202206
2021-02-15,X,,,,,,,,,,,,
2021-02-16,O,2021-02-15 18:00:00,2021-02-16 17:00:00,2021-02-16 14:59:30,2021-02-16 15:00:00,14,,202103,202106,202109,202112,202203,202206
2021-02-17,O,2021-02-16 18:00:00,2021-02-17 17:00:00,2021-02-17 14:59:30,2021-02-17 15:00:00,13,,202103,202106,202109,202112,202203,202206
2021-02-18,O,2021-02-17 18:00:00,2021-02-18 17:00:00,2021-02-18 14:59:30,2021-02-18 15:00:00,12,,202103,202106,202109,202112,202203,202206
2021-02-19,O,2021-02-18 18:00:00,2021-02-19 17:00:00,2021-02-19 14:59:30,2021-02-19 15:00:00,11,,202103,202106,202109,202112,202203,202206
2021-02-22,O,2021-02-21 18:00:00,2021-02-22 17:00:00,2021-02-22 14:59:30,2021-02-22 15:00:00,10,,202103,202106,202109,202112,202203,202206
2021-02-23,O,2021-02-22 18:00:00,2021-02-23 17:00:00,2021-02-23 14:59:30,2021-02-23 15:00:00,9,,202103,202106,202109,202112,202203,202206
2021-02-24,O,2021-02-23 18:00:00,2021-02-24 17:00:00,2021-02-24 14:59:30,2021-02-24 15:00:00,8,,202103,202106,202109,202112,202203,202206
2021-02-25,O,2021-02-24 18:00:00,2021-02-25 17:00:00,2021-02-25 14:59:30,2021-02-25 15:00:00,7,,202103,202106,202109,202112,202203,202206
2021-02-26,O,2021-02-25 18:00:00,2021-02-26 17:00:00,2021-02-26 14:59:30,2021-02-26 15:00:00,6,,202103,202106,202109,202112,202203,202206
2021-03-01,O,2021-02-28 18:00:00,2021-03-01 17:00:00,2021-03-01 14:59:30,2021-03-01 15:00:00,5,,202103,202106,202109,202112,202203,202206
2021-03-02,O,2021-03-01 18:00:00,2021-03-02 17:00:00,2021-03-02 14:59:30,2021-03-02 15:00:00,4,,202103,202106,202109,202112,202203,202206
2021-03-03,O,2021-03-02 18:00:00,2021-03-03 17:00:00,2021-03-03 14:59:30,2021-03-03 15:00:00,3,,202103,202106,202109,202112,202203,202206
2021-03-04,O,2021-03-03 18:00:00,2021-03-04 17:00:00,2021-03-04 14:59:30,2021-03-04 15:00:00,2,,202103,202106,202109,202112,202203,202206
2021-03-05,O,2021-03-04 18:00:00,2021-03-05 17:00:00,2021-03-05 14:59:30,2021-03-05 15:00:00,1,,202103,202106,202109,202112,202203,202206
2021-03-08,O,2021-03-07 18:00:00,2021-03-08 17:00:00,2021-03-08 14:59:30,2021-03-08 15:00:00,0,,202103,202106,202109,202112,202203,202206
2021-03-09,O,2021-03-08 18:00:00,2021-03-09 17:00:00,2021-03-09 14:59:30,2021-03-09 15:00:00,62,202103,202106,202109,202112,202203,202206,202209
2021-03-10,O,2021-03-09 18:00:00,2021-03-10 17:00:00,2021-03-10 14:59:30,2021-03-10 15:00:00,61,202103,202106,202109,202112,202203,202206,202209
2021-03-11,O,2021-03-10 18:00:00,2021-03-11 17:00:00,2021-03-11 14:59:30,2021-03-11 15:00:00,60,202103,202106,202109,202112,202203,202206,202209
2021-03-12,O,2021-03-11 18:00:00,2021-03-12 17:00:00,2021-03-12 14:59:30,2021-03-12 15:00:00,59,202103,202106,202109,202112,202203,202206,202209
2021-03-15,O,2021-03-14 18:00:00,2021-03-15 17:00:00,2021-03-15 14:59:30,2021-03-15 15:00:00,58,202103,202106,202109,202112,202203,202206,202209
2021-03-16,O,2021-03-15 18:00:00,2021-03-16 17:00:00,2021-03-16 14:59:30,2021-03-16 15:00:00,57,,202106,202109,202112,202203,202206,202209
2021-03-17,O,2021-03-16 18:00:00,2021-03-17 17:00:00,2021-03-17 14:59:30,2021-03-17 15:00:00,56,,202106,202109,202112,202203,202206,202209
2021-03-18,O,2021-03-17 18:00:00,2021-03-18 17:00:00,2021-03-18 14:59:30,2021-03-18 15:00:00,55,,202106,202109,202112,202203,202206,202209
2021-03-19,O,2021-03-18 18:00:00,2021-03-19 17:00:00,2021-03-19 14:59:30,2021-03-19 15:00:00,54,,202106,202109,202112,202203,202206,202209
2021-03-22,O,2021-03-21 18:00:00,2021-03-22 17:00:00,2021-03-22 14:59:30,2021-03-22 15:00:00,53,,202106,202109,202112,202203,202206,202209
2021-03-23,O,2021-03-22 18:00:00,2021-03-23 17:00:00,2021-03-23 14:59:30,2021-03-23 15:00:00,52,,202106,202109,202112,202203,202206,202209
2021-03-24,O,2021-03-23 18:00:00,2021-03-24 17:00:00,2021-03-24 14:59:30,2021-03-24 15:00:00,51,,202106,202109,202112,202203,202206,202209
2021-03-25,O,2021-03-24 18:00:00,2021-03-25 17:00:00,2021-03-25 14:59:30,2021-03-25 15:00:00,50,,202106,202109,202112,202203,202206,202209
2021-03-26,O,2021-03-25 18:00:00,2021-03-26 17:00:00,2021-03-26 14:59:30,2021-03-26 15:00:00,49,,202106,202109,202112,202203,202206,202209
2021-03-29,O,2021-03-28 18:00:00,2021-03-29 17:00:00,2021-03-29 14:59:30,2021-03-29 15:00:00,48,,202106,202109,202112,202203,202206,202209
2021-03-30,O,2021-03-29 18:00:00,2021-03-30 17:00:00,2021-03-30 14:59:30,2021-03-30 15:00:00,47,,202106,202109,202112,202203,202206,202209
2021-03-31,O,2021-03-30 18:00:00,2021-03-31 17:00:00,2021-03-31 14:59:30,2021-03-31 15:00:00,46,,202106,202109,202112,202203,202206,202209
2021-04-01,O,2021-03-31 18:00:00,2021-04-01 17:00:00,2021-04-01 14:59:30,2021-04-01 15:00:00,45,,202106,202109,202112,202203,202206,202209
2021-04-02,X,,,,,,,,,,,,
2021-04-05,O,2021-04-04 18:00:00,2021-04-05 17:00:00,2021-04-05 14:59:30,2021-04-05 15:00:00,44,,202106,202109,202112,202203,202206,202209
2021-04-06,O,2021-04-05 18:00:00,2021-04-06 17:00:00,2021-04-06 14:59:30,2021-04-06 15:00:00,43,,202106,202109,202112,202203,202206,202209
2021-04-07,O,2021-04-06 18:00:00,2021-04-07 17:00:00,2021-04-07 14:59:30,2021-04-07 15:00:00,42,,202106,202109,202112,202203,202206,202209
2021-04-08,O,2021-04-07 18:00:00,2021-04-08 17:00:00,2021-04-08 14:59:30,2021-04-08 15:00:00,41,,202106,202109,202112,202203,202206,202209
2021-04-09,O,2021-04-08 18:00:00,2021-04-09 17:00:00,2021-04-09 14:59:30,2021-04-09 15:00:00,40,,202106,202109,202112,202203,202206,202209
2021-04-12,O,2021-04-11 18:00:00,2021-04-12 17:00:00,2021-04-12 14:59:30,2021-04-12 15:00:00,39,,202106,202109,202112,202203,202206,202209
2021-04-13,O,2021-04-12 18:00:00,2021-04-13 17:00:00,2021-04-13 14:59:30,2021-04-13 15:00:00,38,,202106,202109,202112,202203,202206,202209
2021-04-14,O,2021-04-13 18:00:00,2021-04-14 17:00:00,2021-04-14 14:59:30,2021-04-14 15:00:00,37,,202106,202109,202112,202203,202206,202209
2021-04-15,O,2021-04-14 18:00:00,2021-04-15 17:00:00,2021-04-15 14:59:30,2021-04-15 15:00:00,36,,202106,202109,202112,202203,202206,202209
2021-04-16,O,2021-04-15 18:00:00,2021-04-16 17:00:00,2021-04-16 14:59:30,2021-04-16 15:00:00,35,,202106,202109,202112,202203,202206,202209
2021-04-19,O,2021-04-18 18:00:00,2021-04-19 17:00:00,2021-04-19 14:59:30,2021-04-19 15:00:00,34,,202106,202109,202112,202203,202206,202209
2021-04-20,O,2021-04-19 18:00:00,2021-04-20 17:00:00,2021-04-20 14:59:30,2021-04-20 15:00:00,33,,202106,202109,202112,202203,202206,202209
2021-04-21,O,2021-04-20 18:00:00,2021-04-21 17:00:00,2021-04-21 14:59:30,2021-04-21 15:00:00,32,,202106,202109,202112,202203,202206,202209
2021-04-22,O,2021-04-21 18:00:00,2021-04-22 17:00:00,2021-04-22 14:59:30,2021-04-22 15:00:00,31,,202106,202109,202112,202203,202206,202209
2021-04-23,O,2021-04-22 18:00:00,2021-04-23 17:00:00,2021-04-23 14:59:30,2021-04-23 15:00:00,30,,202106,202109,202112,202203,202206,202209
2021-04-26,O,2021-04-25 18:00:00,2021-04-26 17:00:00,2021-04-26 14:59:30,2021-04-26 15:00:00,29,,202106,202109,202112,202203,202206,202209
2021-04-27,O,2021-04-26 18:00:00,2021-04-27 17:00:00,2021-04-27 14:59:30,2021-04-27 15:00:00,28,,202106,202109,202112,202203,202206,202209
2021-04-28,O,2021-04-27 18:00:00,2021-04-28 17:00:00,2021-04-28 14:59:30,2021-04-28 15:00:00,27,,202106,202109,202112,202203,202206,202209
2021-04-29,O,2021-04-28 18:00:00,2021-04-29 17:00:00,2021-04-29 14:59:30,2021-04-29 15:00:00,26,,202106,202109,202112,202203,202206,202209
2021-04-30,O,2021-04-29 18:00:00,2021-04-30 17:00:00,2021-04-30 14:59:30,2021-04-30 15:00:00,25,,202106,202109,202112,202203,202206,202209
2021-05-03,O,2021-05-02 18:00:00,2021-05-03 17:00:00,2021-05-03 14:59:30,2021-05-03 15:00:00,24,,202106,202109,202112,202203,202206,202209
2021-05-04,O,2021-05-03 18:00:00,2021-05-04 17:00:00,2021-05-04 14:59:30,2021-05-04 15:00:00,23,,202106,202109,202112,202203,202206,202209
2021-05-05,O,2021-05-04 18:00:00,2021-05-05 17:00:00,2021-05-05 14:59:30,2021-05-05 15:00:00,22,,202106,202109,202112,202203,202206,202209
2021-05-06,O,2021-05-05 18:00:00,2021-05-06 17:00:00,2021-05-06 14:59:30,2021-05-06 15:00:00,21,,202106,202109,202112,202203,202206,202209
2021-05-07,O,2021-05-06 18:00:00,2021-05-07 17:00:00,2021-05-07 14:59:30,2021-05-07 15:00:00,20,,202106,202109,202112,202203,202206,202209
2021-05-10,O,2021-05-09 18:00:00,2021-05-10 17:00:00,2021-05-10 14:59:30,2021-05-10 15:00:00,19,,202106,202109,202112,202203,202206,202209
2021-05-11,O,2021-05-10 18:00:00,2021-05-11 17:00:00,2021-05-11 14:59:30,2021-05-11 15:00:00,18,,202106,202109,202112,202203,202206,202209
2021-05-12,O,2021-05-11 18:00:00,2021-05-12 17:00:00,2021-05-12 14:59:30,2021-05-12 15:00:00,17,,202106,202109,202112,202203,202206,202209
2021-05-13,O,2021-05-12 18:00:00,2021-05-13 17:00:00,2021-05-13 14:59:30,2021-05-13 15:00:00,16,,202106,202109,202112,202203,202206,202209
2021-05-14,O,2021-05-13 18:00:00,2021-05-14 17:00:00,2021-05-14 14:59:30,2021-05-14 15:00:00,15,,202106,202109,202112,202203,202206,202209
2021-05-17,O,2021-05-16 18:00:00,2021-05-17 17:00:00,2021-05-17 14:59:30,2021-05-17 15:00:00,14,,202106,202109,202112,202203,202206,202209
2021-05-18,O,2021-05-17 18:00:00,2021-05-18 17:00:00,2021-05-18 14:59:30,2021-05-18 15:00:00,13,,202106,202109,202112,202203,202206,202209
2021-05-19,O,2021-05-18 18:00:00,2021-05-19 17:00:00,2021-05-19 14:59:30,2021-05-19 15:00:00,12,,202106,202109,202112,202203,202206,202209
2021-05-20,O,2021-05-19 18:00:00,2021-05-20 17:00:00,2021-05-20 14:59:30,2021-05-20 15:00:00,11,,202106,202109,202112,202203,202206,202209
2021-05-21,O,2021-05-20 18:00:00,2021-05-21 17:00:00,2021-05-21 14:59:30,2021-05-21 15:00:00,10,,202106,202109,202112,202203,202206,202209
2021-05-24,O,2021-05-23 18:00:00,2021-05-24 17:00:00,2021-05-24 14:59:30,2021-05-24 15:00:00,9,,202106,202109,202112,202203,202206,202209
2021-05-25,O,2021-05-24 18:00:00,2021-05-25 17:00:00,2021-05-25 14:59:30,2021-05-25 15:00:00,8,,202106,202109,202112,202203,202206,202209
2021-05-26,O,2021-05-25 18:00:00,2021-05-26 17:00:00,2021-05-26 14:59:30,2021-05-26 15:00:00,7,,202106,202109,202112,202203,202206,202209
2021-05-27,O,2021-05-26 18:00:00,2021-05-27 17:00:00,2021-05-27 14:59:30,2021-05-27 15:00:00,6,,202106,202109,202112,202203,202206,202209
2021-05-28,O,2021-05-27 18:00:00,2021-05-28 17:00:00,2021-05-28 14:59:30,2021-05-28 15:00:00,5,,202106,202109,202112,202203,202206,202209
2021-05-31,X,,,,,,,,,,,,
2021-06-01,O,2021-05-31 18:00:00,2021-06-01 17:00:00,2021-06-01 14:59:30,2021-06-01 15:00:00,4,,202106,202109,202112,202203,202206,202209
2021-06-02,O,2021-06-01 18:00:00,2021-06-02 17:00:00,2021-06-02 14:59:30,2021-06-02 15:00:00,3,,202106,202109,202112,202203,202206,202209
2021-06-03,O,2021-06-02 18:00:00,2021-06-03 17:00:00,2021-06-03 14:59:30,2021-06-03 15:00:00,2,,202106,202109,202112,202203,202206,202209
2021-06-04,O,2021-06-03 18:00:00,2021-06-04 17:00:00,2021-06-04 14:59:30,2021-06-04 15:00:00,1,,202106,202109,202112,202203,202206,202209
2021-06-07,O,2021-06-06 18:00:00,2021-06-07 17:00:00,2021-06-07 14:59:30,2021-06-07 15:00:00,0,,202106,202109,202112,202203,202206,202209
2021-06-08,O,2021-06-07 18:00:00,2021-06-08 17:00:00,2021-06-08 14:59:30,2021-06-08 15:00:00,62,202106,202109,202112,202203,202206,202209,
2021-06-09,O,2021-06-08 18:00:00,2021-06-09 17:00:00,2021-06-09 14:59:30,2021-06-09 15:00:00,61,202106,202109,202112,202203,202206,202209,
2021-06-10,O,2021-06-09 18:00:00,2021-06-10 17:00:00,2021-06-10 14:59:30,2021-06-10 15:00:00,60,202106,202109,202112,202203,202206,202209,
2021-06-11,O,2021-06-10 18:00:00,2021-06-11 17:00:00,2021-06-11 14:59:30,2021-06-11 15:00:00,59,202106,202109,202112,202203,202206,202209,
2021-06-14,O,2021-06-13 18:00:00,2021-06-14 17:00:00,2021-06-14 14:59:30,2021-06-14 15:00:00,58,202106,202109,202112,202203,202206,202209,
2021-06-15,O,2021-06-14 18:00:00,2021-06-15 17:00:00,2021-06-15 14:59:30,2021-06-15 15:00:00,57,,202109,202112,202203,202206,202209,
2021-06-16,O,2021-06-15 18:00:00,2021-06-16 17:00:00,2021-06-16 14:59:30,2021-06-16 15:00:00,56,,202109,202112,202203,202206,202209,
2021-06-17,O,2021-06-16 18:00:00,2021-06-17 17:00:00,2021-06-17 14:59:30,2021-06-17 15:00:00,55,,202109,202112,202203,202206,202209,
2021-06-18,O,2021-06-17 18:00:00,2021-06-18 17:00:00,2021-06-18 14:59:30,2021-06-18 15:00:00,54,,202109,202112,202203,202206,202209,
2021-06-21,O,2021-06-20 18:00:00,2021-06-21 17:00:00,2021-06-21 14:59:30,2021-06-21 15:00:00,53,,202109,202112,202203,202206,202209,
2021-06-22,O,2021-06-21 18:00:00,2021-06-22 17:00:00,2021-06-22 14:59:30,2021-06-22 15:00:00,52,,202109,202112,202203,202206,202209,
2021-06-23,O,2021-06-22 18:00:00,2021-06-23 17:00:00,2021-06-23 14:59:30,2021-06-23 15:00:00,51,,202109,202112,202203,202206,202209,
2021-06-24,O,2021-06-23 18:00:00,2021-06-24 17:00:00,2021-06-24 14:59:30,2021-06-24 15:00:00,50,,202109,202112,202203,202206,202209,
2021-06-25,O,2021-06-24 18:00:00,2021-06-25 17:00:00,2021-06-25 14:59:30,2021-06-25 15:00:00,49,,202109,202112,202203,202206,202209,
2021-06-28,O,2021-06-27 18:00:00,2021-06-28 17:00:00,2021-06-28 14:59:30,2021-06-28 15:00:00,48,,202109,202112,202203,202206,202209,
2021-06-29,O,2021-06-28 18:00:00,2021-06-29 17:00:00,2021-06-29 14:59:30,2021-06-29 15:00:00,47,,202109,202112,202203,202206,202209,
2021-06-30,O,2021-06-29 18:00:00,2021-06-30 17:00:00,2021-06-30 14:59:30,2021-06-30 15:00:00,46,,202109,202112,202203,202206,202209,
2021-07-01,O,2021-06-30 18:00:00,2021-07-01 17:00:00,2021-07-01 14:59:30,2021-07-01 15:00:00,45,,202109,202112,202203,202206,202209,
2021-07-02,O,2021-07-01 18:00:00,2021-07-02 17:00:00,2021-07-02 14:59:30,2021-07-02 15:00:00,44,,202109,202112,202203,202206,202209,
2021-07-05,X,,,,,,,,,,,,
2021-07-06,O,2021-07-05 18:00:00,2021-07-06 17:00:00,2021-07-06 14:59:30,2021-07-06 15:00:00,43,,202109,202112,202203,202206,202209,
2021-07-07,O,2021-07-06 18:00:00,2021-07-07 17:00:00,2021-07-07 14:59:30,2021-07-07 15:00:00,42,,202109,202112,202203,202206,202209,
2021-07-08,O,2021-07-07 18:00:00,2021-07-08 17:00:00,2021-07-08 14:59:30,2021-07-08 15:00:00,41,,202109,202112,202203,202206,202209,
2021-07-09,O,2021-07-08 18:00:00,2021-07-09 17:00:00,2021-07-09 14:59:30,2021-07-09 15:00:00,40,,202109,202112,202203,202206,202209,
2021-07-12,O,2021-07-11 18:00:00,2021-07-12 17:00:00,2021-07-12 14:59:30,2021-07-12 15:00:00,39,,202109,202112,202203,202206,202209,
2021-07-13,O,2021-07-12 18:00:00,2021-07-13 17:00:00,2021-07-13 14:59:30,2021-07-13 15:00:00,38,,202109,202112,202203,202206,202209,
2021-07-14,O,2021-07-13 18:00:00,2021-07-14 17:00:00,2021-07-14 14:59:30,2021-07-14 15:00:00,37,,202109,202112,202203,202206,202209,
2021-07-15,O,2021-07-14 18:00:00,2021-07-15 17:00:00,2021-07-15 14:59:30,2021-07-15 15:00:00,36,,202109,202112,202203,202206,202209,
2021-07-16,O,2021-07-15 18:00:00,2021-07-16 17:00:00,2021-07-16 14:59:30,2021-07-16 15:00:00,35,,202109,202112,202203,202206,202209,
2021-07-19,O,2021-07-18 18:00:00,2021-07-19 17:00:00,2021-07-19 14:59:30,2021-07-19 15:00:00,34,,202109,202112,202203,202206,202209,
2021-07-20,O,2021-07-19 18:00:00,2021-07-20 17:00:00,2021-07-20 14:59:30,2021-07-20 15:00:00,33,,202109,202112,202203,202206,202209,
2021-07-21,O,2021-07-20 18:00:00,2021-07-21 17:00:00,2021-07-21 14:59:30,2021-07-21 15:00:00,32,,202109,202112,202203,202206,202209,
2021-07-22,O,2021-07-21 18:00:00,2021-07-22 17:00:00,2021-07-22 14:59:30,2021-07-22 15:00:00,31,,202109,202112,202203,202206,202209,
2021-07-23,O,2021-07-22 18:00:00,2021-07-23 17:00:00,2021-07-23 14:59:30,2021-07-23 15:00:00,30,,202109,202112,202203,202206,202209,
2021-07-26,O,2021-07-25 18:00:00,2021-07-26 17:00:00,2021-07-26 14:59:30,2021-07-26 15:00:00,29,,202109,202112,202203,202206,202209,
2021-07-27,O,2021-07-26 18:00:00,2021-07-27 17:00:00,2021-07-27 14:59:30,2021-07-27 15:00:00,28,,202109,202112,202203,202206,202209,
2021-07-28,O,2021-07-27 18:00:00,2021-07-28 17:00:00,2021-07-28 14:59:30,2021-07-28 15:00:00,27,,202109,202112,202203,202206,202209,
2021-07-29,O,2021-07-28 18:00:00,2021-07-29 17:00:00,2021-07-29 14:59:30,2021-07-29 15:00:00,26,,202109,202112,202203,202206,202209,
2021-07-30,O,2021-07-29 18:00:00,2021-07-30 17:00:00,2021-07-30 14:59:30,2021-07-30 15:00:00,25,,202109,202112,202203,202206,202209,
2021-08-02,O,2021-08-01 18:00:00,2021-08-02 17:00:00,2021-08-02 14:59:30,2021-08-02 15:00:00,24,,202109,202112,202203,202206,202209,
2021-08-03,O,2021-08-02 18:00:00,2021-08-03 17:00:00,2021-08-03 14:59:30,2021-08-03 15:00:00,23,,202109,202112,202203,202206,202209,
2021-08-04,O,2021-08-03 18:00:00,2021-08-04 17:00:00,2021-08-04 14:59:30,2021-08-04 15:00:00,22,,202109,202112,202203,202206,202209,
2021-08-05,O,2021-08-04 18:00:00,2021-08-05 17:00:00,2021-08-05 14:59:30,2021-08-05 15:00:00,21,,202109,202112,202203,202206,202209,
2021-08-06,O,2021-08-05 18:00:00,2021-08-06 17:00:00,2021-08-06 14:59:30,2021-08-06 15:00:00,20,,202109,202112,202203,202206,202209,
2021-08-09,O,2021-08-08 18:00:00,2021-08-09 17:00:00,2021-08-09 14:59:30,2021-08-09 15:00:00,19,,202109,202112,202203,202206,202209,
2021-08-10,O,2021-08-09 18:00:00,2021-08-10 17:00:00,2021-08-10 14:59:30,2021-08-10 15:00:00,18,,202109,202112,202203,202206,202209,
2021-08-11,O,2021-08-10 18:00:00,2021-08-11 17:00:00,2021-08-11 14:59:30,2021-08-11 15:00:00,17,,202109,202112,202203,202206,202209,
2021-08-12,O,2021-08-11 18:00:00,2021-08-12 17:00:00,2021-08-12 14:59:30,2021-08-12 15:00:00,16,,202109,202112,202203,202206,202209,
2021-08-13,O,2021-08-12 18:00:00,2021-08-13 17:00:00,2021-08-13 14:59:30,2021-08-13 15:00:00,15,,202109,202112,202203,202206,202209,
2021-08-16,O,2021-08-15 18:00:00,2021-08-16 17:00:00,2021-08-16 14:59:30,2021-08-16 15:00:00,14,,202109,202112,202203,202206,202209,
2021-08-17,O,2021-08-16 18:00:00,2021-08-17 17:00:00,2021-08-17 14:59:30,2021-08-17 15:00:00,13,,202109,202112,202203,202206,202209,
2021-08-18,O,2021-08-17 18:00:00,2021-08-18 17:00:00,2021-08-18 14:59:30,2021-08-18 15:00:00,12,,202109,202112,202203,202206,202209,
2021-08-19,O,2021-08-18 18:00:00,2021-08-19 17:00:00,2021-08-19 14:59:30,2021-08-19 15:00:00,11,,202109,202112,202203,202206,202209,
2021-08-20,O,2021-08-19 18:00:00,2021-08-20 17:00:00,2021-08-20 14:59:30,2021-08-20 15:00:00,10,,202109,202112,202203,202206,202209,
2021-08-23,O,2021-08-22 18:00:00,2021-08-23 17:00:00,2021-08-23 14:59:30,2021-08-23 15:00:00,9,,202109,202112,202203,202206,202209,
2021-08-24,O,2021-08-23 18:00:00,2021-08-24 17:00:00,2021-08-24 14:59:30,2021-08-24 15:00:00,8,,202109,202112,202203,202206,202209,
2021-08-25,O,2021-08-24 18:00:00,2021-08-25 17:00:00,2021-08-25 14:59:30,2021-08-25 15:00:00,7,,202109,202112,202203,202206,202209,
2021-08-26,O,2021-08-25 18:00:00,2021-08-26 17:00:00,2021-08-26 14:59:30,2021-08-26 15:00:00,6,,202109,202112,202203,202206,202209,
2021-08-27,O,2021-08-26 18:00:00,2021-08-27 17:00:00,2021-08-27 14:59:30,2021-08-27 15:00:00,5,,202109,202112,202203,202206,202209,
2021-08-30,O,2021-08-29 18:00:00,2021-08-30 17:00:00,2021-08-30 14:59:30,2021-08-30 15:00:00,4,,202109,202112,202203,202206,202209,
2021-08-31,O,2021-08-30 18:00:00,2021-08-31 17:00:00,2021-08-31 14:59:30,2021-08-31 15:00:00,3,,202109,202112,202203,202206,202209,
2021-09-01,O,2021-08-31 18:00:00,2021-09-01 17:00:00,2021-09-01 14:59:30,2021-09-01 15:00:00,2,,202109,202112,202203,202206,202209,
2021-09-02,O,2021-09-01 18:00:00,2021-09-02 17:00:00,2021-09-02 14:59:30,2021-09-02 15:00:00,1,,202109,202112,202203,202206,202209,
2021-09-03,O,2021-09-02 18:00:00,2021-09-03 17:00:00,2021-09-03 14:59:30,2021-09-03 15:00:00,0,,202109,202112,202203,202206,202209,
2021-09-06,X,,,,,,,,,,,,
2021-09-07,O,2021-09-06 18:00:00,2021-09-07 17:00:00,2021-09-07 14:59:30,2021-09-07 15:00:00,63,202109,202112,202203,202206,202209,,
2021-09-08,O,2021-09-07 18:00:00,2021-09-08 17:00:00,2021-09-08 14:59:30,2021-09-08 15:00:00,62,202109,202112,202203,202206,202209,,
2021-09-09,O,2021-09-08 18:00:00,2021-09-09 17:00:00,2021-09-09 14:59:30,2021-09-09 15:00:00,61,202109,202112,202203,202206,202209,,
2021-09-10,O,2021-09-09 18:00:00,2021-09-10 17:00:00,2021-09-10 14:59:30,2021-09-10 15:00:00,60,202109,202112,202203,202206,202209,,
2021-09-13,O,2021-09-12 18:00:00,2021-09-13 17:00:00,2021-09-13 14:59:30,2021-09-13 15:00:00,59,202109,202112,202203,202206,202209,,
2021-09-14,O,2021-09-13 18:00:00,2021-09-14 17:00:00,2021-09-14 14:59:30,2021-09-14 15:00:00,58,,202112,202203,202206,202209,,
2021-09-15,O,2021-09-14 18:00:00,2021-09-15 17:00:00,2021-09-15 14:59:30,2021-09-15 15:00:00,57,,202112,202203,202206,202209,,
2021-09-16,O,2021-09-15 18:00:00,2021-09-16 17:00:00,2021-09-16 14:59:30,2021-09-16 15:00:00,56,,202112,202203,202206,202209,,
2021-09-17,O,2021-09-16 18:00:00,2021-09-17 17:00:00,2021-09-17 14:59:30,2021-09-17 15:00:00,55,,202112,202203,202206,202209,,
2021-09-20,O,2021-09-19 18:00:00,2021-09-20 17:00:00,2021-09-20 14:59:30,2021-09-20 15:00:00,54,,202112,202203,202206,202209,,
2021-09-21,O,2021-09-20 18:00:00,2021-09-21 17:00:00,2021-09-21 14:59:30,2021-09-21 15:00:00,53,,202112,202203,202206,202209,,
2021-09-22,O,2021-09-21 18:00:00,2021-09-22 17:00:00,2021-09-22 14:59:30,2021-09-22 15:00:00,52,,202112,202203,202206,202209,,
2021-09-23,O,2021-09-22 18:00:00,2021-09-23 17:00:00,2021-09-23 14:59:30,2021-09-23 15:00:00,51,,202112,202203,202206,202209,,
2021-09-24,O,2021-09-23 18:00:00,2021-09-24 17:00:00,2021-09-24 14:59:30,2021-09-24 15:00:00,50,,202112,202203,202206,202209,,
2021-09-27,O,2021-09-26 18:00:00,2021-09-27 17:00:00,2021-09-27 14:59:30,2021-09-27 15:00:00,49,,202112,202203,202206,202209,,
2021-09-28,O,2021-09-27 18:00:00,2021-09-28 17:00:00,2021-09-28 14:59:30,2021-09-28 15:00:00,48,,202112,202203,202206,202209,,
2021-09-29,O,2021-09-28 18:00:00,2021-09-29 17:00:00,2021-09-29 14:59:30,2021-09-29 15:00:00,47,,202112,202203,202206,202209,,
2021-09-30,O,2021-09-29 18:00:00,2021-09-30 17:00:00,2021-09-30 14:59:30,2021-09-30 15:00:00,46,,202112,202203,202206,202209,,
2021-10-01,O,2021-09-30 18:00:00,2021-10-01 17:00:00,2021-10-01 14:59:30,2021-10-01 15:00:00,45,,202112,202203,202206,202209,,
2021-10-04,O,2021-10-03 18:00:00,2021-10-04 17:00:00,2021-10-04 14:59:30,2021-10-04 15:00:00,44,,202112,202203,202206,202209,,
2021-10-05,O,2021-10-04 18:00:00,2021-10-05 17:00:00,2021-10-05 14:59:30,2021-10-05 15:00:00,43,,202112,202203,202206,202209,,
2021-10-06,O,2021-10-05 18:00:00,2021-10-06 17:00:00,2021-10-06 14:59:30,2021-10-06 15:00:00,42,,202112,202203,202206,202209,,
2021-10-07,O,2021-10-06 18:00:00,2021-10-07 17:00:00,2021-10-07 14:59:30,2021-10-07 15:00:00,41,,202112,202203,202206,202209,,
2021-10-08,O,2021-10-07 18:00:00,2021-10-08 17:00:00,2021-10-08 14:59:30,2021-10-08 15:00:00,40,,202112,202203,202206,202209,,
2021-10-11,O,2021-10-10 18:00:00,2021-10-11 17:00:00,2021-10-11 14:59:30,2021-10-11 15:00:00,39,,202112,202203,202206,202209,,
2021-10-12,O,2021-10-11 18:00:00,2021-10-12 17:00:00,2021-10-12 14:59:30,2021-10-12 15:00:00,38,,202112,202203,202206,202209,,
2021-10-13,O,2021-10-12 18:00:00,2021-10-13 17:00:00,2021-10-13 14:59:30,2021-10-13 15:00:00,37,,202112,202203,202206,202209,,
2021-10-14,O,2021-10-13 18:00:00,2021-10-14 17:00:00,2021-10-14 14:59:30,2021-10-14 15:00:00,36,,202112,202203,202206,202209,,
2021-10-15,O,2021-10-14 18:00:00,2021-10-15 17:00:00,2021-10-15 14:59:30,2021-10-15 15:00:00,35,,202112,202203,202206,202209,,
2021-10-18,O,2021-10-17 18:00:00,2021-10-18 17:00:00,2021-10-18 14:59:30,2021-10-18 15:00:00,34,,202112,202203,202206,202209,,
2021-10-19,O,2021-10-18 18:00:00,2021-10-19 17:00:00,2021-10-19 14:59:30,2021-10-19 15:00:00,33,,202112,202203,202206,202209,,
2021-10-20,O,2021-10-19 18:00:00,2021-10-20 17:00:00,2021-10-20 14:59:30,2021-10-20 15:00:00,32,,202112,202203,202206,202209,,
2021-10-21,O,2021-10-20 18:00:00,2021-10-21 17:00:00,2021-10-21 14:59:30,2021-10-21 15:00:00,31,,202112,202203,202206,202209,,
2021-10-22,O,2021-10-21 18:00:00,2021-10-22 17:00:00,2021-10-22 14:59:30,2021-10-22 15:00:00,30,,202112,202203,202206,202209,,
2021-10-25,O,2021-10-24 18:00:00,2021-10-25 17:00:00,2021-10-25 14:59:30,2021-10-25 15:00:00,29,,202112,202203,202206,202209,,
2021-10-26,O,2021-10-25 18:00:00,2021-10-26 17:00:00,2021-10-26 14:59:30,2021-10-26 15:00:00,28,,202112,202203,202206,202209,,
2021-10-27,O,2021-10-26 18:00:00,2021-10-27 17:00:00,2021-10-27 14:59:30,2021-10-27 15:00:00,27,,202112,202203,202206,202209,,
2021-10-28,O,2021-10-27 18:00:00,2021-10-28 17:00:00,2021-10-28 14:59:30,2021-10-28 15:00:00,26,,202112,202203,202206,202209,,
2021-10-29,O,2021-10-28 18:00:00,2021-10-29 17:00:00,2021-10-29 14:59:30,2021-10-29 15:00:00,25,,202112,202203,202206,202209,,
2021-11-01,O,2021-10-31 18:00:00,2021-11-01 17:00:00,2021-11-01 14:59:30,2021-11-01 15:00:00,24,,202112,202203,202206,202209,,
2021-11-02,O,2021-11-01 18:00:00,2021-11-02 17:00:00,2021-11-02 14:59:30,2021-11-02 15:00:00,23,,202112,202203,202206,202209,,
2021-11-03,O,2021-11-02 18:00:00,2021-11-03 17:00:00,2021-11-03 14:59:30,2021-11-03 15:00:00,22,,202112,202203,202206,202209,,
2021-11-04,O,2021-11-03 18:00:00,2021-11-04 17:00:00,2021-11-04 14:59:30,2021-11-04 15:00:00,21,,202112,202203,202206,202209,,
2021-11-05,O,2021-11-04 18:00:00,2021-11-05 17:00:00,2021-11-05 14:59:30,2021-11-05 15:00:00,20,,202112,202203,202206,202209,,
2021-11-08,O,2021-11-07 18:00:00,2021-11-08 17:00:00,2021-11-08 14:59:30,2021-11-08 15:00:00,19,,202112,202203,202206,202209,,
2021-11-09,O,2021-11-08 18:00:00,2021-11-09 17:00:00,2021-11-09 14:59:30,2021-11-09 15:00:00,18,,202112,202203,202206,202209,,
2021-11-10,O,2021-11-09 18:00:00,2021-11-10 17:00:00,2021-11-10 14:59:30,2021-11-10 15:00:00,17,,202112,202203,202206,202209,,
2021-11-11,O,2021-11-10 18:00:00,2021-11-11 17:00:00,2021-11-11 14:59:30,2021-11-11 15:00:00,16,,202112,202203,202206,202209,,
2021-11-12,O,2021-11-11 18:00:00,2021-11-12 17:00:00,2021-11-12 14:59:30,2021-11-12 15:00:00,15,,202112,202203,202206,202209,,
2021-11-15,O,2021-11-14 18:00:00,2021-11-15 17:00:00,2021-11-15 14:59:30,2021-11-15 15:00:00,14,,202112,202203,202206,202209,,
2021-11-16,O,2021-11-15 18:00:00,2021-11-16 17:00:00,2021-11-16 14:59:30,2021-11-16 15:00:00,13,,202112,202203,202206,202209,,
2021-11-17,O,2021-11-16 18:00:00,2021-11-17 17:00:00,2021-11-17 14:59:30,2021-11-17 15:00:00,12,,202112,202203,202206,202209,,
2021-11-18,O,2021-11-17 18:00:00,2021-11-18 17:00:00,2021-11-18 14:59:30,2021-11-18 15:00:00,11,,202112,202203,202206,202209,,
2021-11-19,O,2021-11-18 18:00:00,2021-11-19 17:00:00,2021-11-19 14:59:30,2021-11-19 15:00:00,10,,202112,202203,202206,202209,,
2021-11-22,O,2021-11-21 18:00:00,2021-11-22 17:00:00,2021-11-22 14:59:30,2021-11-22 15:00:00,9,,202112,202203,202206,202209,,
2021-11-23,O,2021-11-22 18:00:00,2021-11-23 17:00:00,2021-11-23 14:59:30,2021-11-23 15:00:00,8,,202112,202203,202206,202209,,
2021-11-24,O,2021-11-23 18:00:00,2021-11-24 17:00:00,2021-11-24 14:59:30,2021-11-24 15:00:00,7,,202112,202203,202206,202209,,
2021-11-25,X,,,,,,,,,,,,
2021-11-26,O,2021-11-25 18:00:00,2021-11-26 17:00:00,2021-11-26 14:59:30,2021-11-26 15:00:00,6,,202112,202203,202206,202209,,
2021-11-29,O,2021-11-28 18:00:00,2021-11-29 17:00:00,2021-11-29 14:59:30,2021-11-29 15:00:00,5,,202112,202203,202206,202209,,
2021-11-30,O,2021-11-29 18:00:00,2021-11-30 17:00:00,2021-11-30 14:59:30,2021-11-30 15:00:00,4,,202112,202203,202206,202209,,
2021-12-01,O,2021-11-30 18:00:00,2021-12-01 17:00:00,2021-12-01 14:59:30,2021-12-01 15:00:00,3,,202112,202203,202206,202209,,
2021-12-02,O,2021-12-01 18:00:00,2021-12-02 17:00:00,2021-12-02 14:59:30,2021-12-02 15:00:00,2,,202112,202203,202206,202209,,
2021-12-03,O,2021-12-02 18:00:00,2021-12-03 17:00:00,2021-12-03 14:59:30,2021-12-03 15:00:00,1,,202112,202203,202206,202209,,
2021-12-06,O,2021-12-05 18:00:00,2021-12-06 17:00:00,2021-12-06 14:59:30,2021-12-06 15:00:00,0,,202112,202203,202206,202209,,
2021-12-07,O,2021-12-06 18:00:00,2021-12-07 17:00:00,2021-12-07 14:59:30,2021-12-07 15:00:00,61,202112,202203,202206,202209,,,
2021-12-08,O,2021-12-07 18:00:00,2021-12-08 17:00:00,2021-12-08 14:59:30,2021-12-08 15:00:00,60,202112,202203,202206,202209,,,
2021-12-09,O,2021-12-08 18:00:00,2021-12-09 17:00:00,2021-12-09 14:59:30,2021-12-09 15:00:00,59,202112,202203,202206,202209,,,
2021-12-10,O,2021-12-09 18:00:00,2021-12-10 17:00:00,2021-12-10 14:59:30,2021-12-10 15:00:00,58,202112,202203,202206,202209,,,
2021-12-13,O,2021-12-12 18:00:00,2021-12-13 17:00:00,2021-12-13 14:59:30,2021-12-13 15:00:00,57,202112,202203,202206,202209,,,
2021-12-14,O,2021-12-13 18:00:00,2021-12-14 17:00:00,2021-12-14 14:59:30,2021-12-14 15:00:00,56,,202203,202206,202209,,,
2021-12-15,O,2021-12-14 18:00:00,2021-12-15 17:00:00,2021-12-15 14:59:30,2021-12-15 15:00:00,55,,202203,202206,202209,,,
2021-12-16,O,2021-12-15 18:00:00,2021-12-16 17:00:00,2021-12-16 14:59:30,2021-12-16 15:00:00,54,,202203,202206,202209,,,
2021-12-17,O,2021-12-16 18:00:00,2021-12-17 17:00:00,2021-12-17 14:59:30,2021-12-17 15:00:00,53,,202203,202206,202209,,,
2021-12-20,O,2021-12-19 18:00:00,2021-12-20 17:00:00,2021-12-20 14:59:30,2021-12-20 15:00:00,52,,202203,202206,202209,,,
2021-12-21,O,2021-12-20 18:00:00,2021-12-21 17:00:00,2021-12-21 14:59:30,2021-12-21 15:00:00,51,,202203,202206,202209,,,
2021-12-22,O,2021-12-21 18:00:00,2021-12-22 17:00:00,2021-12-22 14:59:30,2021-12-22 15:00:00,50,,202203,202206,202209,,,
2021-12-23,O,2021-12-22 18:00:00,2021-12-23 17:00:00,2021-12-23 14:59:30,2021-12-23 15:00:00,49,,202203,202206,202209,,,
2021-12-24,X,,,,,,,,,,,,
2021-12-27,O,2021-12-26 18:00:00,2021-12-27 17:00:00,2021-12-27 14:59:30,2021-12-27 15:00:00,48,,202203,202206,202209,,,
2021-12-28,O,2021-12-27 18:00:00,2021-12-28 17:00:00,2021-12-28 14:59:30,2021-12-28 15:00:00,47,,202203,202206,202209,,,
2021-12-29,O,2021-12-28 18:00:00,2021-12-29 17:00:00,2021-12-29 14:59:30,2021-12-29 15:00:00,46,,202203,202206,202209,,,
2021-12-30,O,2021-12-29 18:00:00,2021-12-30 17:00:00,2021-12-30 14:59:30,2021-12-30 15:00:00,45,,202203,202206,202209,,,
2021-12-31,O,2021-12-30 18:00:00,2021-12-31 17:00:00,2021-12-31 14:59:30,2021-12-31 15:00:00,44,,202203,202206,202209,,,
2022-01-03,O,2022-01-02 18:00:00,2022-01-03 17:00:00,2022-01-03 14:59:30,2022-01-03 15:00:00,43,,202203,202206,202209,,,
2022-01-04,O,2022-01-03 18:00:00,2022-01-04 17:00:00,2022-01-04 14:59:30,2022-01-04 15:00:00,42,,202203,202206,202209,,,
2022-01-05,O,2022-01-04 18:00:00,2022-01-05 17:00:00,2022-01-05 14:59:30,2022-01-05 15:00:00,41,,202203,202206,202209,,,
2022-01-06,O,2022-01-05 18:00:00,2022-01-06 17:00:00,2022-01-06 14:59:30,2022-01-06 15:00:00,40,,202203,202206,202209,,,
2022-01-07,O,2022-01-06 18:00:00,2022-01-07 17:00:00,2022-01-07 14:59:30,2022-01-07 15:00:00,39,,202203,202206,202209,,,
2022-01-10,O,2022-01-09 18:00:00,2022-01-10 17:00:00,2022-01-10 14:59:30,2022-01-10 15:00:00,38,,202203,202206,202209,,,
2022-01-11,O,2022-01-10 18:00:00,2022-01-11 17:00:00,2022-01-11 14:59:30,2022-01-11 15:00:00,37,,202203,202206,202209,,,
2022-01-12,O,2022-01-11 18:00:00,2022-01-12 17:00:00,2022-01-12 14:59:30,2022-01-12 15:00:00,36,,202203,202206,202209,,,
2022-01-13,O,2022-01-12 18:00:00,2022-01-13 17:00:00,2022-01-13 14:59:30,2022-01-13 15:00:00,35,,202203,202206,202209,,,
2022-01-14,O,2022-01-13 18:00:00,2022-01-14 17:00:00,2022-01-14 14:59:30,2022-01-14 15:00:00,34,,202203,202206,202209,,,
2022-01-17,X,,,,,,,,,,,,
2022-01-18,O,2022-01-17 18:00:00,2022-01-18 17:00:00,2022-01-18 14:59:30,2022-01-18 15:00:00,33,,202203,202206,202209,,,
2022-01-19,O,2022-01-18 18:00:00,2022-01-19 17:00:00,2022-01-19 14:59:30,2022-01-19 15:00:00,32,,202203,202206,202209,,,
2022-01-20,O,2022-01-19 18:00:00,2022-01-20 17:00:00,2022-01-20 14:59:30,2022-01-20 15:00:00,31,,202203,202206,202209,,,
2022-01-21,O,2022-01-20 18:00:00,2022-01-21 17:00:00,2022-01-21 14:59:30,2022-01-21 15:00:00,30,,202203,202206,202209,,,
2022-01-24,O,2022-01-23 18:00:00,2022-01-24 17:00:00,2022-01-24 14:59:30,2022-01-24 15:00:00,29,,202203,202206,202209,,,
2022-01-25,O,2022-01-24 18:00:00,2022-01-25 17:00:00,2022-01-25 14:59:30,2022-01-25 15:00:00,28,,202203,202206,202209,,,
2022-01-26,O,2022-01-25 18:00:00,2022-01-26 17:00:00,2022-01-26 14:59:30,2022-01-26 15:00:00,27,,202203,202206,202209,,,
2022-01-27,O,2022-01-26 18:00:00,2022-01-27 17:00:00,2022-01-27 14:59:30,2022-01-27 15:00:00,26,,202203,202206,202209,,,
2022-01-28,O,2022-01-27 18:00:00,2022-01-28 17:00:00,2022-01-28 14:59:30,2022-01-28 15:00:00,25,,202203,202206,202209,,,
2022-01-31,O,2022-01-30 18:00:00,2022-01-31 17:00:00,2022-01-31 14:59:30,2022-01-31 15:00:00,24,,202203,202206,202209,,,
2022-02-01,O,2022-01-31 18:00:00,2022-02-01 17:00:00,2022-02-01 14:59:30,2022-02-01 15:00:00,23,,202203,202206,202209,,,
2022-02-02,O,2022-02-01 18:00:00,2022-02-02 17:00:00,2022-02-02 14:59:30,2022-02-02 15:00:00,22,,202203,202206,202209,,,
2022-02-03,O,2022-02-02 18:00:00,2022-02-03 17:00:00,2022-02-03 14:59:30,2022-02-03 15:00:00,21,,202203,202206,202209,,,
2022-02-04,O,2022-02-03 18:00:00,2022-02-04 17:00:00,2022-02-04 14:59:30,2022-02-04 15:00:00,20,,202203,202206,202209,,,
2022-02-07,O,2022-02-06 18:00:00,2022-02-07 17:00:00,2022-02-07 14:59:30,2022-02-07 15:00:00,19,,202203,202206,202209,,,
2022-02-08,O,2022-02-07 18:00:00,2022-02-08 17:00:00,2022-02-08 14:59:30,2022-02-08 15:00:00,18,,202203,202206,202209,,,
2022-02-09,O,2022-02-08 18:00:00,2022-02-09 17:00:00,2022-02-09 14:59:30,2022-02-09 15:00:00,17,,202203,202206,202209,,,
2022-02-10,O,2022-02-09 18:00:00,2022-02-10 17:00:00,2022-02-10 14:59:30,2022-02-10 15:00:00,16,,202203,202206,202209,,,
2022-02-11,O,2022-02-10 18:00:00,2022-02-11 17:00:00,2022-02-11 14:59:30,2022-02-11 15:00:00,15,,202203,202206,202209,,,
2022-02-14,O,2022-02-13 18:00:00,2022-02-14 17:00:00,2022-02-14 14:59:30,2022-02-14 15:00:00,14,,202203,202206,202209,,,
2022-02-15,O,2022-02-14 18:00:00,2022-02-15 17:00:00,2022-02-15 14:59:30,2022-02-15 15:00:00,13,,202203,202206,202209,,,
2022-02-16,O,2022-02-15 18:00:00,2022-02-16 17:00:00,2022-02-16 14:59:30,2022-02-16 15:00:00,12,,202203,202206,202209,,,
2022-02-17,O,2022-02-16 18:00:00,2022-02-17 17:00:00,2022-02-17 14:59:30,2022-02-17 15:00:00,11,,202203,202206,202209,,,
2022-02-18,O,2022-02-17 18:00:00,2022-02-18 17:00:00,2022-02-18 14:59:30,2022-02-18 15:00:00,10,,202203,202206,202209,,,
2022-02-21,X,,,,,,,,,,,,
2022-02-22,O,2022-02-21 18:00:00,2022-02-22 17:00:00,2022-02-22 14:59:30,2022-02-22 15:00:00,9,,202203,202206,202209,,,
2022-02-23,O,2022-02-22 18:00:00,2022-02-23 17:00:00,2022-02-23 14:59:30,2022-02-23 15:00:00,8,,202203,202206,202209,,,
2022-02-24,O,2022-02-23 18:00:00,2022-02-24 17:00:00,2022-02-24 14:59:30,2022-02-24 15:00:00,7,,202203,202206,202209,,,
2022-02-25,O,2022-02-24 18:00:00,2022-02-25 17:00:00,2022-02-25 14:59:30,2022-02-25 15:00:00,6,,202203,202206,202209,,,
2022-02-28,O,2022-02-27 18:00:00,2022-02-28 17:00:00,2022-02-28 14:59:30,2022-02-28 15:00:00,5,,202203,202206,202209,,,
2022-03-01,O,2022-02-28 18:00:00,2022-03-01 17:00:00,2022-03-01 14:59:30,2022-03-01 15:00:00,4,,202203,202206,202209,,,
2022-03-02,O,2022-03-01 18:00:00,2022-03-02 17:00:00,2022-03-02 14:59:30,2022-03-02 15:00:00,3,,202203,202206,202209,,,
2022-03-03,O,2022-03-02 18:00:00,2022-03-03 17:00:00,2022-03-03 14:59:30,2022-03-03 15:00:00,2,,202203,202206,202209,,,
2022-03-04,O,2022-03-03 18:00:00,2022-03-04 17:00:00,2022-03-04 14:59:30,2022-03-04 15:00:00,1,,202203,202206,202209,,,
2022-03-07,O,2022-03-06 18:00:00,2022-03-07 17:00:00,2022-03-07 14:59:30,2022-03-07 15:00:00,0,,202203,202206,202209,,,
2022-03-08,O,2022-03-07 18:00:00,2022-03-08 17:00:00,2022-03-08 14:59:30,2022-03-08 15:00:00,62,202203,202206,202209,,,,
2022-03-09,O,2022-03-08 18:00:00,2022-03-09 17:00:00,2022-03-09 14:59:30,2022-03-09 15:00:00,61,202203,202206,202209,,,,
2022-03-10,O,2022-03-09 18:00:00,2022-03-10 17:00:00,2022-03-10 14:59:30,2022-03-10 15:00:00,60,202203,202206,202209,,,,
2022-03-11,O,2022-03-10 18:00:00,2022-03-11 17:00:00,2022-03-11 14:59:30,2022-03-11 15:00:00,59,202203,202206,202209,,,,
2022-03-14,O,2022-03-13 18:00:00,2022-03-14 17:00:00,2022-03-14 14:59:30,2022-03-14 15:00:00,58,202203,202206,202209,,,,
2022-03-15,O,2022-03-14 18:00:00,2022-03-15 17:00:00,2022-03-15 14:59:30,2022-03-15 15:00:00,57,,202206,202209,,,,
2022-03-16,O,2022-03-15 18:00:00,2022-03-16 17:00:00,2022-03-16 14:59:30,2022-03-16 15:00:00,56,,202206,202209,,,,
2022-03-17,O,2022-03-16 18:00:00,2022-03-17 17:00:00,2022-03-17 14:59:30,2022-03-17 15:00:00,55,,202206,202209,,,,
2022-03-18,O,2022-03-17 18:00:00,2022-03-18 17:00:00,2022-03-18 14:59:30,2022-03-18 15:00:00,54,,202206,202209,,,,
2022-03-21,O,2022-03-20 18:00:00,2022-03-21 17:00:00,2022-03-21 14:59:30,2022-03-21 15:00:00,53,,202206,202209,,,,
2022-03-22,O,2022-03-21 18:00:00,2022-03-22 17:00:00,2022-03-22 14:59:30,2022-03-22 15:00:00,52,,202206,202209,,,,
2022-03-23,O,2022-03-22 18:00:00,2022-03-23 17:00:00,2022-03-23 14:59:30,2022-03-23 15:00:00,51,,202206,202209,,,,
2022-03-24,O,2022-03-23 18:00:00,2022-03-24 17:00:00,2022-03-24 14:59:30,2022-03-24 15:00:00,50,,202206,202209,,,,
2022-03-25,O,2022-03-24 18:00:00,2022-03-25 17:00:00,2022-03-25 14:59:30,2022-03-25 15:00:00,49,,202206,202209,,,,
2022-03-28,O,2022-03-27 18:00:00,2022-03-28 17:00:00,2022-03-28 14:59:30,2022-03-28 15:00:00,48,,202206,202209,,,,
2022-03-29,O,2022-03-28 18:00:00,2022-03-29 17:00:00,2022-03-29 14:59:30,2022-03-29 15:00:00,47,,202206,202209,,,,
2022-03-30,O,2022-03-29 18:00:00,2022-03-30 17:00:00,2022-03-30 14:59:30,2022-03-30 15:00:00,46,,202206,202209,,,,
2022-03-31,O,2022-03-30 18:00:00,2022-03-31 17:00:00,2022-03-31 14:59:30,2022-03-31 15:00:00,45,,202206,202209,,,,
2022-04-01,O,2022-03-31 18:00:00,2022-04-01 17:00:00,2022-04-01 14:59:30,2022-04-01 15:00:00,44,,202206,202209,,,,
2022-04-04,O,2022-04-03 18:00:00,2022-04-04 17:00:00,2022-04-04 14:59:30,2022-04-04 15:00:00,43,,202206,202209,,,,
2022-04-05,O,2022-04-04 18:00:00,2022-04-05 17:00:00,2022-04-05 14:59:30,2022-04-05 15:00:00,42,,202206,202209,,,,
2022-04-06,O,2022-04-05 18:00:00,2022-04-06 17:00:00,2022-04-06 14:59:30,2022-04-06 15:00:00,41,,202206,202209,,,,
2022-04-07,O,2022-04-06 18:00:00,2022-04-07 17:00:00,2022-04-07 14:59:30,2022-04-07 15:00:00,40,,202206,202209,,,,
2022-04-08,O,2022-04-07 18:00:00,2022-04-08 17:00:00,2022-04-08 14:59:30,2022-04-08 15:00:00,39,,202206,202209,,,,
2022-04-11,O,2022-04-10 18:00:00,2022-04-11 17:00:00,2022-04-11 14:59:30,2022-04-11 15:00:00,38,,202206,202209,,,,
2022-04-12,O,2022-04-11 18:00:00,2022-04-12 17:00:00,2022-04-12 14:59:30,2022-04-12 15:00:00,37,,202206,202209,,,,
2022-04-13,O,2022-04-12 18:00:00,2022-04-13 17:00:00,2022-04-13 14:59:30,2022-04-13 15:00:00,36,,202206,202209,,,,
2022-04-14,O,2022-04-13 18:00:00,2022-04-14 17:00:00,2022-04-14 14:59:30,2022-04-14 15:00:00,35,,202206,202209,,,,
2022-04-15,X,,,,,,,,,,,,
2022-04-18,O,2022-04-17 18:00:00,2022-04-18 17:00:00,2022-04-18 14:59:30,2022-04-18 15:00:00,34,,202206,202209,,,,
2022-04-19,O,2022-04-18 18:00:00,2022-04-19 17:00:00,2022-04-19 14:59:30,2022-04-19 15:00:00,33,,202206,202209,,,,
2022-04-20,O,2022-04-19 18:00:00,2022-04-20 17:00:00,2022-04-20 14:59:30,2022-04-20 15:00:00,32,,202206,202209,,,,
2022-04-21,O,2022-04-20 18:00:00,2022-04-21 17:00:00,2022-04-21 14:59:30,2022-04-21 15:00:00,31,,202206,202209,,,,
2022-04-22,O,2022-04-21 18:00:00,2022-04-22 17:00:00,2022-04-22 14:59:30,2022-04-22 15:00:00,30,,202206,202209,,,,
2022-04-25,O,2022-04-24 18:00:00,2022-04-25 17:00:00,2022-04-25 14:59:30,2022-04-25 15:00:00,29,,202206,202209,,,,
2022-04-26,O,2022-04-25 18:00:00,2022-04-26 17:00:00,2022-04-26 14:59:30,2022-04-26 15:00:00,28,,202206,202209,,,,
2022-04-27,O,2022-04-26 18:00:00,2022-04-27 17:00:00,2022-04-27 14:59:30,2022-04-27 15:00:00,27,,202206,202209,,,,
2022-04-28,O,2022-04-27 18:00:00,2022-04-28 17:00:00,2022-04-28 14:59:30,2022-04-28 15:00:00,26,,202206,202209,,,,
2022-04-29,O,2022-04-28 18:00:00,2022-04-29 17:00:00,2022-04-29 14:59:30,2022-04-29 15:00:00,25,,202206,202209,,,,
2022-05-02,O,2022-05-01 18:00:00,2022-05-02 17:00:00,2022-05-02 14:59:30,2022-05-02 15:00:00,24,,202206,202209,,,,
2022-05-03,O,2022-05-02 18:00:00,2022-05-03 17:00:00,2022-05-03 14:59:30,2022-05-03 15:00:00,23,,202206,202209,,,,
2022-05-04,O,2022-05-03 18:00:00,2022-05-04 17:00:00,2022-05-04 14:59:30,2022-05-04 15:00:00,22,,202206,202209,,,,
2022-05-05,O,2022-05-04 18:00:00,2022-05-05 17:00:00,2022-05-05 14:59:30,2022-05-05 15:00:00,21,,202206,202209,,,,
2022-05-06,O,2022-05-05 18:00:00,2022-05-06 17:00:00,2022-05-06 14:59:30,2022-05-06 15:00:00,20,,202206,202209,,,,
2022-05-09,O,2022-05-08 18:00:00,2022-05-09 17:00:00,2022-05-09 14:59:30,2022-05-09 15:00:00,19,,202206,202209,,,,
2022-05-10,O,2022-05-09 18:00:00,2022-05-10 17:00:00,2022-05-10 14:59:30,2022-05-10 15:00:00,18,,202206,202209,,,,
2022-05-11,O,2022-05-10 18:00:00,2022-05-11 17:00:00,2022-05-11 14:59:30,2022-05-11 15:00:00,17,,202206,202209,,,,
2022-05-12,O,2022-05-11 18:00:00,2022-05-12 17:00:00,2022-05-12 14:59:30,2022-05-12 15:00:00,16,,202206,202209,,,,
2022-05-13,O,2022-05-12 18:00:00,2022-05-13 17:00:00,2022-05-13 14:59:30,2022-05-13 15:00:00,15,,202206,202209,,,,
2022-05-16,O,2022-05-15 18:00:00,2022-05-16 17:00:00,2022-05-16 14:59:30,2022-05-16 15:00:00,14,,202206,202209,,,,
2022-05-17,O,2022-05-16 18:00:00,2022-05-17 17:00:00,2022-05-17 14:59:30,2022-05-17 15:00:00,13,,202206,202209,,,,
2022-05-18,O,2022-05-17 18:00:00,2022-05-18 17:00:00,2022-05-18 14:59:30,2022-05-18 15:00:00,12,,202206,202209,,,,
2022-05-19,O,2022-05-18 18:00:00,2022-05-19 17:00:00,2022-05-19 14:59:30,2022-05-19 15:00:00,11,,202206,202209,,,,
2022-05-20,O,2022-05-19 18:00:00,2022-05-20 17:00:00,2022-05-20 14:59:30,2022-05-20 15:00:00,10,,202206,202209,,,,
2022-05-23,O,2022-05-22 18:00:00,2022-05-23 17:00:00,2022-05-23 14:59:30,2022-05-23 15:00:00,9,,202206,202209,,,,
2022-05-24,O,2022-05-23 18:00:00,2022-05-24 17:00:00,2022-05-24 14:59:30,2022-05-24 15:00:00,8,,202206,202209,,,,
2022-05-25,O,2022-05-24 18:00:00,2022-05-25 17:00:00,2022-05-25 14:59:30,2022-05-25 15:00:00,7,,202206,202209,,,,
2022-05-26,O,2022-05-25 18:00:00,2022-05-26 17:00:00,2022-05-26 14:59:30,2022-05-26 15:00:00,6,,202206,202209,,,,
2022-05-27,O,2022-05-26 18:00:00,2022-05-27 17:00:00,2022-05-27 14:59:30,2022-05-27 15:00:00,5,,202206,202209,,,,
2022-05-30,X,,,,,,,,,,,,
2022-05-31,O,2022-05-30 18:00:00,2022-05-31 17:00:00,2022-05-31 14:59:30,2022-05-31 15:00:00,4,,202206,202209,,,,
2022-06-01,O,2022-05-31 18:00:00,2022-06-01 17:00:00,2022-06-01 14:59:30,2022-06-01 15:00:00,3,,202206,202209,,,,
2022-06-02,O,2022-06-01 18:00:00,2022-06-02 17:00:00,2022-06-02 14:59:30,2022-06-02 15:00:00,2,,202206,202209,,,,
2022-06-03,O,2022-06-02 18:00:00,2022-06-03 17:00:00,2022-06-03 14:59:30,2022-06-03 15:00:00,1,,202206,202209,,,,
2022-06-06,O,2022-06-05 18:00:00,2022-06-06 17:00:00,2022-06-06 14:59:30,2022-06-06 15:00:00,0,,202206,202209,,,,
2022-06-07,O,2022-06-06 18:00:00,2022-06-07 17:00:00,2022-06-07 14:59:30,2022-06-07 15:00:00,66,202206,202209,,,,,
2022-06-08,O,2022-06-07 18:00:00,2022-06-08 17:00:00,2022-06-08 14:59:30,2022-06-08 15:00:00,65,202206,202209,,,,,
2022-06-09,O,2022-06-08 18:00:00,2022-06-09 17:00:00,2022-06-09 14:59:30,2022-06-09 15:00:00,64,202206,202209,,,,,
2022-06-10,O,2022-06-09 18:00:00,2022-06-10 17:00:00,2022-06-10 14:59:30,2022-06-10 15:00:00,63,202206,202209,,,,,
2022-06-13,O,2022-06-12 18:00:00,2022-06-13 17:00:00,2022-06-13 14:59:30,2022-06-13 15:00:00,62,202206,202209,,,,,
2022-06-14,O,2022-06-13 18:00:00,2022-06-14 17:00:00,2022-06-14 14:59:30,2022-06-14 15:00:00,61,,202209,,,,,
2022-06-15,O,2022-06-14 18:00:00,2022-06-15 17:00:00,2022-06-15 14:59:30,2022-06-15 15:00:00,60,,202209,,,,,
2022-06-16,O,2022-06-15 18:00:00,2022-06-16 17:00:00,2022-06-16 14:59:30,2022-06-16 15:00:00,59,,202209,,,,,
2022-06-17,O,2022-06-16 18:00:00,2022-06-17 17:00:00,2022-06-17 14:59:30,2022-06-17 15:00:00,58,,202209,,,,,
2022-06-20,O,2022-06-19 18:00:00,2022-06-20 17:00:00,2022-06-20 14:59:30,2022-06-20 15:00:00,57,,202209,,,,,
2022-06-21,O,2022-06-20 18:00:00,2022-06-21 17:00:00,2022-06-21 14:59:30,2022-06-21 15:00:00,56,,202209,,,,,
2022-06-22,O,2022-06-21 18:00:00,2022-06-22 17:00:00,2022-06-22 14:59:30,2022-06-22 15:00:00,55,,202209,,,,,
2022-06-23,O,2022-06-22 18:00:00,2022-06-23 17:00:00,2022-06-23 14:59:30,2022-06-23 15:00:00,54,,202209,,,,,
2022-06-24,O,2022-06-23 18:00:00,2022-06-24 17:00:00,2022-06-24 14:59:30,2022-06-24 15:00:00,53,,202209,,,,,
2022-06-27,O,2022-06-26 18:00:00,2022-06-27 17:00:00,2022-06-27 14:59:30,2022-06-27 15:00:00,52,,202209,,,,,
2022-06-28,O,2022-06-27 18:00:00,2022-06-28 17:00:00,2022-06-28 14:59:30,2022-06-28 15:00:00,51,,202209,,,,,
2022-06-29,O,2022-06-28 18:00:00,2022-06-29 17:00:00,2022-06-29 14:59:30,2022-06-29 15:00:00,50,,202209,,,,,
2022-06-30,O,2022-06-29 18:00:00,2022-06-30 17:00:00,2022-06-30 14:59:30,2022-06-30 15:00:00,49,,202209,,,,,
2022-07-01,O,2022-06-30 18:00:00,2022-07-01 17:00:00,2022-07-01 14:59:30,2022-07-01 15:00:00,48,,202209,,,,,
2022-07-04,X,,,,,,,,,,,,
2022-07-05,O,2022-07-04 18:00:00,2022-07-05 17:00:00,2022-07-05 14:59:30,2022-07-05 15:00:00,47,,202209,,,,,
2022-07-06,O,2022-07-05 18:00:00,2022-07-06 17:00:00,2022-07-06 14:59:30,2022-07-06 15:00:00,46,,202209,,,,,
2022-07-07,O,2022-07-06 18:00:00,2022-07-07 17:00:00,2022-07-07 14:59:30,2022-07-07 15:00:00,45,,202209,,,,,
2022-07-08,O,2022-07-07 18:00:00,2022-07-08 17:00:00,2022-07-08 14:59:30,2022-07-08 15:00:00,44,,202209,,,,,
2022-07-11,O,2022-07-10 18:00:00,2022-07-11 17:00:00,2022-07-11 14:59:30,2022-07-11 15:00:00,43,,202209,,,,,
2022-07-12,O,2022-07-11 18:00:00,2022-07-12 17:00:00,2022-07-12 14:59:30,2022-07-12 15:00:00,42,,202209,,,,,
2022-07-13,O,2022-07-12 18:00:00,2022-07-13 17:00:00,2022-07-13 14:59:30,2022-07-13 15:00:00,41,,202209,,,,,
2022-07-14,O,2022-07-13 18:00:00,2022-07-14 17:00:00,2022-07-14 14:59:30,2022-07-14 15:00:00,40,,202209,,,,,
2022-07-15,O,2022-07-14 18:00:00,2022-07-15 17:00:00,2022-07-15 14:59:30,2022-07-15 15:00:00,39,,202209,,,,,
2022-07-18,O,2022-07-17 18:00:00,2022-07-18 17:00:00,2022-07-18 14:59:30,2022-07-18 15:00:00,38,,202209,,,,,
2022-07-19,O,2022-07-18 18:00:00,2022-07-19 17:00:00,2022-07-19 14:59:30,2022-07-19 15:00:00,37,,202209,,,,,
2022-07-20,O,2022-07-19 18:00:00,2022-07-20 17:00:00,2022-07-20 14:59:30,2022-07-20 15:00:00,36,,202209,,,,,
2022-07-21,O,2022-07-20 18:00:00,2022-07-21 17:00:00,2022-07-21 14:59:30,2022-07-21 15:00:00,35,,202209,,,,,
2022-07-22,O,2022-07-21 18:00:00,2022-07-22 17:00:00,2022-07-22 14:59:30,2022-07-22 15:00:00,34,,202209,,,,,
2022-07-25,O,2022-07-24 18:00:00,2022-07-25 17:00:00,2022-07-25 14:59:30,2022-07-25 15:00:00,33,,202209,,,,,
2022-07-26,O,2022-07-25 18:00:00,2022-07-26 17:00:00,2022-07-26 14:59:30,2022-07-26 15:00:00,32,,202209,,,,,
2022-07-27,O,2022-07-26 18:00:00,2022-07-27 17:00:00,2022-07-27 14:59:30,2022-07-27 15:00:00,31,,202209,,,,,
2022-07-28,O,2022-07-27 18:00:00,2022-07-28 17:00:00,2022-07-28 14:59:30,2022-07-28 15:00:00,30,,202209,,,,,
2022-07-29,O,2022-07-28 18:00:00,2022-07-29 17:00:00,2022-07-29 14:59:30,2022-07-29 15:00:00,29,,202209,,,,,
2022-08-01,O,2022-07-31 18:00:00,2022-08-01 17:00:00,2022-08-01 14:59:30,2022-08-01 15:00:00,28,,202209,,,,,
2022-08-02,O,2022-08-01 18:00:00,2022-08-02 17:00:00,2022-08-02 14:59:30,2022-08-02 15:00:00,27,,202209,,,,,
2022-08-03,O,2022-08-02 18:00:00,2022-08-03 17:00:00,2022-08-03 14:59:30,2022-08-03 15:00:00,26,,202209,,,,,
2022-08-04,O,2022-08-03 18:00:00,2022-08-04 17:00:00,2022-08-04 14:59:30,2022-08-04 15:00:00,25,,202209,,,,,
2022-08-05,O,2022-08-04 18:00:00,2022-08-05 17:00:00,2022-08-05 14:59:30,2022-08-05 15:00:00,24,,202209,,,,,
2022-08-08,O,2022-08-07 18:00:00,2022-08-08 17:00:00,2022-08-08 14:59:30,2022-08-08 15:00:00,23,,202209,,,,,
2022-08-09,O,2022-08-08 18:00:00,2022-08-09 17:00:00,2022-08-09 14:59:30,2022-08-09 15:00:00,22,,202209,,,,,
2022-08-10,O,2022-08-09 18:00:00,2022-08-10 17:00:00,2022-08-10 14:59:30,2022-08-10 15:00:00,21,,202209,,,,,
2022-08-11,O,2022-08-10 18:00:00,2022-08-11 17:00:00,2022-08-11 14:59:30,2022-08-11 15:00:00,20,,202209,,,,,
2022-08-12,O,2022-08-11 18:00:00,2022-08-12 17:00:00,2022-08-12 14:59:30,2022-08-12 15:00:00,19,,202209,,,,,
2022-08-15,O,2022-08-14 18:00:00,2022-08-15 17:00:00,2022-08-15 14:59:30,2022-08-15 15:00:00,18,,202209,,,,,
2022-08-16,O,2022-08-15 18:00:00,2022-08-16 17:00:00,2022-08-16 14:59:30,2022-08-16 15:00:00,17,,202209,,,,,
2022-08-17,O,2022-08-16 18:00:00,2022-08-17 17:00:00,2022-08-17 14:59:30,2022-08-17 15:00:00,16,,202209,,,,,
2022-08-18,O,2022-08-17 18:00:00,2022-08-18 17:00:00,2022-08-18 14:59:30,2022-08-18 15:00:00,15,,202209,,,,,
2022-08-19,O,2022-08-18 18:00:00,2022-08-19 17:00:00,2022-08-19 14:59:30,2022-08-19 15:00:00,14,,202209,,,,,
2022-08-22,O,2022-08-21 18:00:00,2022-08-22 17:00:00,2022-08-22 14:59:30,2022-08-22 15:00:00,13,,202209,,,,,
2022-08-23,O,2022-08-22 18:00:00,2022-08-23 17:00:00,2022-08-23 14:59:30,2022-08-23 15:00:00,12,,202209,,,,,
2022-08-24,O,2022-08-23 18:00:00,2022-08-24 17:00:00,2022-08-24 14:59:30,2022-08-24 15:00:00,11,,202209,,,,,
2022-08-25,O,2022-08-24 18:00:00,2022-08-25 17:00:00,2022-08-25 14:59:30,2022-08-25 15:00:00,10,,202209,,,,,
2022-08-26,O,2022-08-25 18:00:00,2022-08-26 17:00:00,2022-08-26 14:59:30,2022-08-26 15:00:00,9,,202209,,,,,
2022-08-29,O,2022-08-28 18:00:00,2022-08-29 17:00:00,2022-08-29 14:59:30,2022-08-29 15:00:00,8,,202209,,,,,
2022-08-30,O,2022-08-29 18:00:00,2022-08-30 17:00:00,2022-08-30 14:59:30,2022-08-30 15:00:00,7,,202209,,,,,
2022-08-31,O,2022-08-30 18:00:00,2022-08-31 17:00:00,2022-08-31 14:59:30,2022-08-31 15:00:00,6,,202209,,,,,
2022-09-01,O,2022-08-31 18:00:00,2022-09-01 17:00:00,2022-09-01 14:59:30,2022-09-01 15:00:00,5,,202209,,,,,
2022-09-02,O,2022-09-01 18:00:00,2022-09-02 17:00:00,2022-09-02 14:59:30,2022-09-02 15:00:00,4,,202209,,,,,
2022-09-05,X,,,,,,,,,,,,
2022-09-06,O,2022-09-05 18:00:00,2022-09-06 17:00:00,2022-09-06 14:59:30,2022-09-06 15:00:00,3,,202209,,,,,
2022-09-07,O,2022-09-06 18:00:00,2022-09-07 17:00:00,2022-09-07 14:59:30,2022-09-07 15:00:00,2,,202209,,,,,
2022-09-08,O,2022-09-07 18:00:00,2022-09-08 17:00:00,2022-09-08 14:59:30,2022-09-08 15:00:00,1,,202209,,,,,
2022-09-09,O,2022-09-08 18:00:00,2022-09-09 17:00:00,2022-09-09 14:59:30,2022-09-09 15:00:00,0,,202209,,,,,
2022-09-12,O,2022-09-11 18:00:00,2022-09-12 17:00:00,2022-09-12 14:59:30,2022-09-12 15:00:00,77,,,,,,,
2022-09-13,O,2022-09-12 18:00:00,2022-09-13 17:00:00,2022-09-13 14:59:30,2022-09-13 15:00:00,76,,,,,,,
2022-09-14,O,2022-09-13 18:00:00,2022-09-14 17:00:00,2022-09-14 14:59:30,2022-09-14 15:00:00,75,,,,,,,
2022-09-15,O,2022-09-14 18:00:00,2022-09-15 17:00:00,2022-09-15 14:59:30,2022-09-15 15:00:00,74,,,,,,,
2022-09-16,O,2022-09-15 18:00:00,2022-09-16 17:00:00,2022-09-16 14:59:30,2022-09-16 15:00:00,73,,,,,,,
2022-09-19,O,2022-09-18 18:00:00,2022-09-19 17:00:00,2022-09-19 14:59:30,2022-09-19 15:00:00,72,,,,,,,
2022-09-20,O,2022-09-19 18:00:00,2022-09-20 17:00:00,2022-09-20 14:59:30,2022-09-20 15:00:00,71,,,,,,,
2022-09-21,O,2022-09-20 18:00:00,2022-09-21 17:00:00,2022-09-21 14:59:30,2022-09-21 15:00:00,70,,,,,,,
2022-09-22,O,2022-09-21 18:00:00,2022-09-22 17:00:00,2022-09-22 14:59:30,2022-09-22 15:00:00,69,,,,,,,
2022-09-23,O,2022-09-22 18:00:00,2022-09-23 17:00:00,2022-09-23 14:59:30,2022-09-23 15:00:00,68,,,,,,,
2022-09-26,O,2022-09-25 18:00:00,2022-09-26 17:00:00,2022-09-26 14:59:30,2022-09-26 15:00:00,67,,,,,,,
2022-09-27,O,2022-09-26 18:00:00,2022-09-27 17:00:00,2022-09-27 14:59:30,2022-09-27 15:00:00,66,,,,,,,
2022-09-28,O,2022-09-27 18:00:00,2022-09-28 17:00:00,2022-09-28 14:59:30,2022-09-28 15:00:00,65,,,,,,,
2022-09-29,O,2022-09-28 18:00:00,2022-09-29 17:00:00,2022-09-29 14:59:30,2022-09-29 15:00:00,64,,,,,,,
2022-09-30,O,2022-09-29 18:00:00,2022-09-30 17:00:00,2022-09-30 14:59:30,2022-09-30 15:00:00,63,,,,,,,
2022-10-03,O,2022-10-02 18:00:00,2022-10-03 17:00:00,2022-10-03 14:59:30,2022-10-03 15:00:00,62,,,,,,,
2022-10-04,O,2022-10-03 18:00:00,2022-10-04 17:00:00,2022-10-04 14:59:30,2022-10-04 15:00:00,61,,,,,,,
2022-10-05,O,2022-10-04 18:00:00,2022-10-05 17:00:00,2022-10-05 14:59:30,2022-10-05 15:00:00,60,,,,,,,
2022-10-06,O,2022-10-05 18:00:00,2022-10-06 17:00:00,2022-10-06 14:59:30,2022-10-06 15:00:00,59,,,,,,,
2022-10-07,O,2022-10-06 18:00:00,2022-10-07 17:00:00,2022-10-07 14:59:30,2022-10-07 15:00:00,58,,,,,,,
2022-10-10,O,2022-10-09 18:00:00,2022-10-10 17:00:00,2022-10-10 14:59:30,2022-10-10 15:00:00,57,,,,,,,
2022-10-11,O,2022-10-10 18:00:00,2022-10-11 17:00:00,2022-10-11 14:59:30,2022-10-11 15:00:00,56,,,,,,,
2022-10-12,O,2022-10-11 18:00:00,2022-10-12 17:00:00,2022-10-12 14:59:30,2022-10-12 15:00:00,55,,,,,,,
2022-10-13,O,2022-10-12 18:00:00,2022-10-13 17:00:00,2022-10-13 14:59:30,2022-10-13 15:00:00,54,,,,,,,
2022-10-14,O,2022-10-13 18:00:00,2022-10-14 17:00:00,2022-10-14 14:59:30,2022-10-14 15:00:00,53,,,,,,,
2022-10-17,O,2022-10-16 18:00:00,2022-10-17 17:00:00,2022-10-17 14:59:30,2022-10-17 15:00:00,52,,,,,,,
2022-10-18,O,2022-10-17 18:00:00,2022-10-18 17:00:00,2022-10-18 14:59:30,2022-10-18 15:00:00,51,,,,,,,
2022-10-19,O,2022-10-18 18:00:00,2022-10-19 17:00:00,2022-10-19 14:59:30,2022-10-19 15:00:00,50,,,,,,,
2022-10-20,O,2022-10-19 18:00:00,2022-10-20 17:00:00,2022-10-20 14:59:30,2022-10-20 15:00:00,49,,,,,,,
2022-10-21,O,2022-10-20 18:00:00,2022-10-21 17:00:00,2022-10-21 14:59:30,2022-10-21 15:00:00,48,,,,,,,
2022-10-24,O,2022-10-23 18:00:00,2022-10-24 17:00:00,2022-10-24 14:59:30,2022-10-24 15:00:00,47,,,,,,,
2022-10-25,O,2022-10-24 18:00:00,2022-10-25 17:00:00,2022-10-25 14:59:30,2022-10-25 15:00:00,46,,,,,,,
2022-10-26,O,2022-10-25 18:00:00,2022-10-26 17:00:00,2022-10-26 14:59:30,2022-10-26 15:00:00,45,,,,,,,
2022-10-27,O,2022-10-26 18:00:00,2022-10-27 17:00:00,2022-10-27 14:59:30,2022-10-27 15:00:00,44,,,,,,,
2022-10-28,O,2022-10-27 18:00:00,2022-10-28 17:00:00,2022-10-28 14:59:30,2022-10-28 15:00:00,43,,,,,,,
2022-10-31,O,2022-10-30 18:00:00,2022-10-31 17:00:00,2022-10-31 14:59:30,2022-10-31 15:00:00,42,,,,,,,
2022-11-01,O,2022-10-31 18:00:00,2022-11-01 17:00:00,2022-11-01 14:59:30,2022-11-01 15:00:00,41,,,,,,,
2022-11-02,O,2022-11-01 18:00:00,2022-11-02 17:00:00,2022-11-02 14:59:30,2022-11-02 15:00:00,40,,,,,,,
2022-11-03,O,2022-11-02 18:00:00,2022-11-03 17:00:00,2022-11-03 14:59:30,2022-11-03 15:00:00,39,,,,,,,
2022-11-04,O,2022-11-03 18:00:00,2022-11-04 17:00:00,2022-11-04 14:59:30,2022-11-04 15:00:00,38,,,,,,,
2022-11-07,O,2022-11-06 18:00:00,2022-11-07 17:00:00,2022-11-07 14:59:30,2022-11-07 15:00:00,37,,,,,,,
2022-11-08,O,2022-11-07 18:00:00,2022-11-08 17:00:00,2022-11-08 14:59:30,2022-11-08 15:00:00,36,,,,,,,
2022-11-09,O,2022-11-08 18:00:00,2022-11-09 17:00:00,2022-11-09 14:59:30,2022-11-09 15:00:00,35,,,,,,,
2022-11-10,O,2022-11-09 18:00:00,2022-11-10 17:00:00,2022-11-10 14:59:30,2022-11-10 15:00:00,34,,,,,,,
2022-11-11,O,2022-11-10 18:00:00,2022-11-11 17:00:00,2022-11-11 14:59:30,2022-11-11 15:00:00,33,,,,,,,
2022-11-14,O,2022-11-13 18:00:00,2022-11-14 17:00:00,2022-11-14 14:59:30,2022-11-14 15:00:00,32,,,,,,,
2022-11-15,O,2022-11-14 18:00:00,2022-11-15 17:00:00,2022-11-15 14:59:30,2022-11-15 15:00:00,31,,,,,,,
2022-11-16,O,2022-11-15 18:00:00,2022-11-16 17:00:00,2022-11-16 14:59:30,2022-11-16 15:00:00,30,,,,,,,
2022-11-17,O,2022-11-16 18:00:00,2022-11-17 17:00:00,2022-11-17 14:59:30,2022-11-17 15:00:00,29,,,,,,,
2022-11-18,O,2022-11-17 18:00:00,2022-11-18 17:00:00,2022-11-18 14:59:30,2022-11-18 15:00:00,28,,,,,,,
2022-11-21,O,2022-11-20 18:00:00,2022-11-21 17:00:00,2022-11-21 14:59:30,2022-11-21 15:00:00,27,,,,,,,
2022-11-22,O,2022-11-21 18:00:00,2022-11-22 17:00:00,2022-11-22 14:59:30,2022-11-22 15:00:00,26,,,,,,,
2022-11-23,O,2022-11-22 18:00:00,2022-11-23 17:00:00,2022-11-23 14:59:30,2022-11-23 15:00:00,25,,,,,,,
2022-11-24,X,,,,,,,,,,,,
2022-11-25,O,2022-11-24 18:00:00,2022-11-25 17:00:00,2022-11-25 14:59:30,2022-11-25 15:00:00,24,,,,,,,
2022-11-28,O,2022-11-27 18:00:00,2022-11-28 17:00:00,2022-11-28 14:59:30,2022-11-28 15:00:00,23,,,,,,,
2022-11-29,O,2022-11-28 18:00:00,2022-11-29 17:00:00,2022-11-29 14:59:30,2022-11-29 15:00:00,22,,,,,,,
2022-11-30,O,2022-11-29 18:00:00,2022-11-30 17:00:00,2022-11-30 14:59:30,2022-11-30 15:00:00,21,,,,,,,
2022-12-01,O,2022-11-30 18:00:00,2022-12-01 17:00:00,2022-12-01 14:59:30,2022-12-01 15:00:00,20,,,,,,,
2022-12-02,O,2022-12-01 18:00:00,2022-12-02 17:00:00,2022-12-02 14:59:30,2022-12-02 15:00:00,19,,,,,,,
2022-12-05,O,2022-12-04 18:00:00,2022-12-05 17:00:00,2022-12-05 14:59:30,2022-12-05 15:00:00,18,,,,,,,
2022-12-06,O,2022-12-05 18:00:00,2022-12-06 17:00:00,2022-12-06 14:59:30,2022-12-06 15:00:00,17,,,,,,,
2022-12-07,O,2022-12-06 18:00:00,2022-12-07 17:00:00,2022-12-07 14:59:30,2022-12-07 15:00:00,16,,,,,,,
2022-12-08,O,2022-12-07 18:00:00,2022-12-08 17:00:00,2022-12-08 14:59:30,2022-12-08 15:00:00,15,,,,,,,
2022-12-09,O,2022-12-08 18:00:00,2022-12-09 17:00:00,2022-12-09 14:59:30,2022-12-09 15:00:00,14,,,,,,,
2022-12-12,O,2022-12-11 18:00:00,2022-12-12 17:00:00,2022-12-12 14:59:30,2022-12-12 15:00:00,13,,,,,,,
2022-12-13,O,2022-12-12 18:00:00,2022-12-13 17:00:00,2022-12-13 14:59:30,2022-12-13 15:00:00,12,,,,,,,
2022-12-14,O,2022-12-13 18:00:00,2022-12-14 17:00:00,2022-12-14 14:59:30,2022-12-14 15:00:00,11,,,,,,,
2022-12-15,O,2022-12-14 18:00:00,2022-12-15 17:00:00,2022-12-15 14:59:30,2022-12-15 15:00:00,10,,,,,,,
2022-12-16,O,2022-12-15 18:00:00,2022-12-16 17:00:00,2022-12-16 14:59:30,2022-12-16 15:00:00,9,,,,,,,
2022-12-19,O,2022-12-18 18:00:00,2022-12-19 17:00:00,2022-12-19 14:59:30,2022-12-19 15:00:00,8,,,,,,,
2022-12-20,O,2022-12-19 18:00:00,2022-12-20 17:00:00,2022-12-20 14:59:30,2022-12-20 15:00:00,7,,,,,,,
2022-12-21,O,2022-12-20 18:00:00,2022-12-21 17:00:00,2022-12-21 14:59:30,2022-12-21 15:00:00,6,,,,,,,
2022-12-22,O,2022-12-21 18:00:00,2022-12-22 17:00:00,2022-12-22 14:59:30,2022-12-22 15:00:00,5,,,,,,,
2022-12-23,O,2022-12-22 18:00:00,2022-12-23 17:00:00,2022-12-23 14:59:30,2022-12-23 15:00:00,4,,,,,,,
2022-12-26,X,,,,,,,,,,,,
2022-12-27,O,2022-12-26 18:00:00,2022-12-27 17:00:00,2022-12-27 14:59:30,2022-12-27 15:00:00,3,,,,,,,
2022-12-28,O,2022-12-27 18:00:00,2022-12-28 17:00:00,2022-12-28 14:59:30,2022-12-28 15:00:00,2,,,,,,,
2022-12-29,O,2022-12-28 18:00:00,2022-12-29 17:00:00,2022-12-29 14:59:30,2022-12-29 15:00:00,1,,,,,,,
2022-12-30,O,2022-12-29 18:00:00,2022-12-30 17:00:00,2022-12-30 14:59:30,2022-12-30 15:00:00,0,,,,,,,
