market_id,contract_code,in_roll_date,out_roll_date,in_roll_time,out_roll_time,prev_contract,next_contract,settle_of_prev_at_in,settle_at_in,settle_at_out,settle_of_next_at_out,in_settle_diff,out_settle_diff,in_settle_ratio,out_settle_ratio,is_valid_adj,fwd_roll_diff_adj_factor,backw_roll_diff_adj_factor,fwd_roll_ratio_adj_factor,backw_roll_ratio_adj_factor
62,200405,1900-01-01 00:00:00,2004-05-11 00:00:00,1900-01-01 16:20:00,2004-05-11 16:20:00,-1,200406,,,18.38,19.97,,1.59,,1.08650707291,1,0,194.2159,1,301772.565414
62,200406,2004-05-11 00:00:00,2004-06-07 00:00:00,2004-05-11 16:20:00,2004-06-07 16:20:00,200405,200407,18.38,19.97,16.58,18.07,-1.59,1.49,0.920380570856,1.08986731001,1,-1.59,192.6259,0.920380570856,277745.606025
62,200407,2004-06-07 00:00:00,2004-07-06 00:00:00,2004-06-07 16:20:00,2004-07-06 16:20:00,200406,200408,16.58,18.07,16.22,18.72,-1.49,2.5,0.917542888766,1.15413070284,1,-3.08,191.1359,0.844488647747,254843.505694
62,200408,2004-07-06 00:00:00,2004-08-10 00:00:00,2004-07-06 16:20:00,2004-08-10 16:20:00,200407,200409,16.22,18.72,17.43,19.17,-2.5,1.74,0.866452991453,1.09982788296,1,-5.58,188.6359,0.731709715089,220809.917861
62,200409,2004-08-10 00:00:00,2004-09-07 00:00:00,2004-08-10 16:20:00,2004-09-07 16:20:00,200408,200410,17.43,19.17,14.89,16.15,-1.74,1.26,0.909233176839,1.08462055071,1,-7.32,186.8959,0.665294748774,200767.703094
62,200410,2004-09-07 00:00:00,2004-10-05 00:00:00,2004-09-07 16:20:00,2004-10-05 16:20:00,200409,200411,14.89,16.15,13.87,15.5,-1.26,1.63,0.921981424149,1.11751982696,1,-8.58,185.6359,0.613389399953,185104.092822
62,200411,2004-10-05 00:00:00,2004-11-09 00:00:00,2004-10-05 16:20:00,2004-11-09 16:20:00,200410,200501,13.87,15.5,13.64,15.18,-1.63,1.54,0.894838709677,1.11290322581,1,-10.21,184.0059,0.548884579184,165638.307577
62,200501,2004-11-09 00:00:00,2005-01-10 00:00:00,2004-11-09 16:20:00,2005-01-10 16:20:00,200411,200502,13.64,15.18,13.59,14.47,-1.54,0.88,0.898550724638,1.06475349522,1,-11.75,182.4659,0.493200636368,148834.421301
62,200502,2005-01-10 00:00:00,2005-02-08 00:00:00,2005-01-10 16:20:00,2005-02-08 16:20:00,200501,200503,13.59,14.47,11.54,12.31,-0.88,0.77,0.939184519696,1.06672443674,1,-12.63,181.5859,0.463206402781,139782.984484
62,200503,2005-02-08 00:00:00,2005-03-08 00:00:00,2005-02-08 16:20:00,2005-03-08 16:20:00,200502,200505,11.54,12.31,12.5,13.29,-0.77,0.79,0.93744922827,1.0632,1,-13.4,180.8159,0.434232484817,131039.450929
62,200505,2005-03-08 00:00:00,2005-05-10 00:00:00,2005-03-08 16:20:00,2005-05-10 16:20:00,200503,200506,12.5,13.29,14.42,14.57,-0.79,0.15,0.940556809631,1.01040221914,1,-14.19,180.0259,0.408420320558,123250.047902
62,200506,2005-05-10 00:00:00,2005-06-07 00:00:00,2005-05-10 16:20:00,2005-06-07 16:20:00,200505,200508,14.42,14.57,12.14,14.34,-0.15,2.2,0.989704873027,1.18121911038,1,-14.34,179.8759,0.404215581499,121981.173009
62,200508,2005-06-07 00:00:00,2005-08-09 00:00:00,2005-06-07 16:20:00,2005-08-09 16:20:00,200506,200510,12.14,14.34,12.4,14.05,-2.2,1.65,0.846582984658,1.13306451613,1,-16.54,177.6759,0.342202033431,103267.185518
62,200510,2005-08-09 00:00:00,2005-10-11 00:00:00,2005-08-09 16:20:00,2005-10-11 16:20:00,200508,200511,12.4,14.05,14.63,15.09,-1.65,0.46,0.88256227758,1.03144224197,1,-18.19,176.0259,0.302014606017,91139.7224504
62,200511,2005-10-11 00:00:00,2005-11-08 00:00:00,2005-10-11 16:20:00,2005-11-08 16:20:00,200510,200512,14.63,15.09,13.18,13.56,-0.46,0.38,0.969516235918,1.02883156297,1,-18.65,175.5659,0.292808064018,88361.4406527
62,200512,2005-11-08 00:00:00,2005-12-13 00:00:00,2005-11-08 16:20:00,2005-12-13 16:20:00,200511,200601,13.18,13.56,11.68,12.92,-0.38,1.24,0.97197640118,1.10616438356,1,-19.03,175.1859,0.284602528301,85885.2350887
62,200601,2005-12-13 00:00:00,2006-01-09 00:00:00,2005-12-13 16:20:00,2006-01-09 16:20:00,200512,200602,11.68,12.92,11.33,13.29,-1.24,1.96,0.904024767802,1.17299205649,1,-20.27,173.9459,0.257287734563,77642.3797086
62,200602,2006-01-09 00:00:00,2006-02-07 00:00:00,2006-01-09 16:20:00,2006-02-07 16:20:00,200601,200603,11.33,13.29,13.02,13.29,-1.96,0.27,0.85252069225,1.02073732719,1,-22.23,171.9859,0.219343117577,66191.7352971
62,200603,2006-02-07 00:00:00,2006-03-14 00:00:00,2006-02-07 16:20:00,2006-03-14 16:20:00,200602,200604,13.02,13.29,11.51,12.66,-0.27,1.15,0.979683972912,1.09991311903,1,-22.5,171.7159,0.214886936859,64846.9822098
62,200604,2006-03-14 00:00:00,2006-04-10 00:00:00,2006-03-14 16:20:00,2006-04-10 16:20:00,200603,200605,11.51,12.66,12.3,12.72,-1.15,0.42,0.90916271722,1.03414634146,1,-23.65,170.5659,0.195367191409,58956.4585494
62,200605,2006-04-10 00:00:00,2006-05-09 00:00:00,2006-04-10 16:20:00,2006-05-09 16:20:00,200604,200606,12.3,12.72,11.96,12.53,-0.42,0.57,0.966981132075,1.04765886288,1,-24.07,170.1459,0.18891638792,57009.7830312
62,200606,2006-05-09 00:00:00,2006-06-13 00:00:00,2006-05-09 16:20:00,2006-06-13 16:20:00,200605,200607,11.96,12.53,20.78,18.69,-0.57,-2.09,0.954509177973,0.899422521655,1,-24.64,169.5759,0.180322426139,54416.3611376
62,200607,2006-06-13 00:00:00,2006-07-11 00:00:00,2006-06-13 16:20:00,2006-07-11 16:20:00,200606,200608,20.78,18.69,13.9,15.22,2.09,1.32,1.11182450508,1.09496402878,1,-22.55,171.6659,0.200486892197,60501.4437902
62,200608,2006-07-11 00:00:00,2006-08-08 00:00:00,2006-07-11 16:20:00,2006-08-08 16:20:00,200607,200609,13.9,15.22,14.98,15.56,-1.32,0.58,0.913272010512,1.03871829105,1,-23.87,170.3459,0.183099067118,55254.2752092
62,200609,2006-08-08 00:00:00,2006-09-12 00:00:00,2006-08-08 16:20:00,2006-09-12 16:20:00,200608,200610,14.98,15.56,12.57,14.07,-0.58,1.5,0.962724935733,1.11933174224,1,-24.45,169.7659,0.176274037624,53194.6685497
62,200610,2006-09-12 00:00:00,2006-10-10 00:00:00,2006-09-12 16:20:00,2006-10-10 16:20:00,200609,200611,12.57,14.07,11.72,13.44,-1.5,1.72,0.893390191898,1.14675767918,1,-25.95,168.2659,0.157481496299,47523.5951435
62,200611,2006-10-10 00:00:00,2006-11-07 00:00:00,2006-10-10 16:20:00,2006-11-07 16:20:00,200610,200612,11.72,13.44,11.18,12.05,-1.72,0.87,0.872023809524,1.07781753131,1,-27.67,166.5459,0.137327614333,41441.7064793
62,200612,2006-11-07 00:00:00,2006-12-12 00:00:00,2006-11-07 16:20:00,2006-12-12 16:20:00,200611,200701,11.18,12.05,11.18,12.51,-0.87,1.33,0.927800829876,1.11896243292,1,-28.54,165.6759,0.127412674543,38449.649663
62,200701,2006-12-12 00:00:00,2007-01-08 00:00:00,2006-12-12 16:20:00,2007-01-08 16:20:00,200612,200702,11.18,12.51,12.25,13.33,-1.33,1.08,0.893685051958,1.08816326531,1,-29.87,164.3459,0.113866802669,34361.8771569
62,200702,2007-01-08 00:00:00,2007-02-06 00:00:00,2007-01-08 16:20:00,2007-02-06 16:20:00,200701,200703,12.25,13.33,11.16,12.03,-1.08,0.87,0.918979744936,1.07795698925,1,-30.95,163.2659,0.104641285273,31577.8691051
62,200703,2007-02-06 00:00:00,2007-03-13 00:00:00,2007-02-06 16:20:00,2007-03-13 16:20:00,200702,200704,11.16,12.03,15.34,14.59,-0.87,-0.75,0.927680798005,0.95110821382,1,-31.82,162.3959,0.0970737110265,29294.1828107
62,200704,2007-03-13 00:00:00,2007-04-10 00:00:00,2007-03-13 16:20:00,2007-04-10 16:20:00,200703,200705,15.34,14.59,12.71,13.59,0.75,0.88,1.05140507197,1.0692368214,1,-31.07,163.1459,0.102063792128,30800.0523864
62,200705,2007-04-10 00:00:00,2007-05-08 00:00:00,2007-04-10 16:20:00,2007-05-08 16:20:00,200704,200706,12.71,13.59,13.33,13.87,-0.88,0.54,0.935246504783,1.04051012753,1,-31.95,162.2659,0.0954548048526,28805.6413415
62,200706,2007-05-08 00:00:00,2007-06-12 00:00:00,2007-05-08 16:20:00,2007-06-12 16:20:00,200705,200707,13.33,13.87,15.5,15.27,-0.54,-0.23,0.96106705119,0.985161290323,1,-32.49,161.7259,0.0917384678216,27684.1527817
62,200707,2007-06-12 00:00:00,2007-07-10 00:00:00,2007-06-12 16:20:00,2007-07-10 16:20:00,200706,200708,15.5,15.27,16.67,16.72,0.23,0.05,1.01506221349,1.00299940012,1,-32.26,161.9559,0.0931202522092,28101.1374012
62,200708,2007-07-10 00:00:00,2007-08-14 00:00:00,2007-07-10 16:20:00,2007-08-14 16:20:00,200707,200709,16.67,16.72,26.94,24.3,-0.05,-2.64,0.997009569378,0.902004454343,1,-32.31,161.9059,0.0928417825554,28017.1028994
62,200709,2007-08-14 00:00:00,2007-09-11 00:00:00,2007-08-14 16:20:00,2007-09-11 16:20:00,200708,200710,26.94,24.3,25.01,23.62,2.64,-1.39,1.10864197531,0.944422231108,1,-29.67,164.5459,0.102928297203,31060.9363008
62,200710,2007-09-11 00:00:00,2007-10-09 00:00:00,2007-09-11 16:20:00,2007-10-09 16:20:00,200709,200711,25.01,23.62,17.06,18.64,1.39,1.58,1.05884843353,1.09261430246,1,-28.28,165.9359,0.10898546626,32888.8237461
62,200711,2007-10-09 00:00:00,2007-11-13 00:00:00,2007-10-09 16:20:00,2007-11-13 16:20:00,200710,200712,17.06,18.64,24.65,24.82,-1.58,0.17,0.915236051502,1.00689655172,1,-29.86,164.3559,0.0997474278108,30101.0371839
62,200712,2007-11-13 00:00:00,2007-12-11 00:00:00,2007-11-13 16:20:00,2007-12-11 16:20:00,200711,200801,24.65,24.82,22.92,23.91,-0.17,0.99,0.993150684932,1.04319371728,1,-30.03,164.1859,0.0990642262504,29894.8656964
62,200801,2007-12-11 00:00:00,2008-01-08 00:00:00,2007-12-11 16:20:00,2008-01-08 16:20:00,200712,200802,22.92,23.91,25.54,25.9,-0.99,0.36,0.958594730238,1.01409553641,1,-31.02,163.1959,0.0949624452388,28657.0607177
62,200802,2008-01-08 00:00:00,2008-02-08 00:00:00,2008-01-08 16:20:00,2008-02-08 16:20:00,200801,200803,25.54,25.9,28.39,27.63,-0.36,-0.76,0.9861003861,0.973230010567,1,-31.38,162.8359,0.093642503915,28258.7386382
62,200803,2008-02-08 00:00:00,2008-03-11 00:00:00,2008-02-08 16:20:00,2008-03-11 16:20:00,200802,200804,28.39,27.63,26.11,26.09,0.76,-0.02,1.0275063337,0.999234009958,1,-30.62,163.5959,0.0962182658758,29036.032933
62,200804,2008-03-11 00:00:00,2008-04-08 00:00:00,2008-03-11 16:20:00,2008-04-08 16:20:00,200803,200805,26.11,26.09,23.02,24.07,0.02,1.05,1.00076657723,1.04561251086,1,-30.6,163.6159,0.0962920246078,29058.2912948
62,200805,2008-04-08 00:00:00,2008-05-13 00:00:00,2008-04-08 16:20:00,2008-05-13 16:20:00,200804,200806,23.02,24.07,18.7,20.78,-1.05,2.08,0.95637723307,1.11122994652,1,-31.65,162.5659,0.0920915000611,27790.6882263
62,200806,2008-05-13 00:00:00,2008-06-10 00:00:00,2008-05-13 16:20:00,2008-06-10 16:20:00,200805,200807,18.7,20.78,22.72,23.47,-2.08,0.75,0.899903753609,1.03301056338,1,-33.73,160.4859,0.0828734865805,25008.9446502
62,200807,2008-06-10 00:00:00,2008-07-08 00:00:00,2008-06-10 16:20:00,2008-07-08 16:20:00,200806,200808,22.72,23.47,23.96,23.54,-0.75,-0.42,0.968044311888,0.982470784641,1,-34.48,159.7359,0.0802252072905,24209.7666149
62,200808,2008-07-08 00:00:00,2008-08-12 00:00:00,2008-07-08 16:20:00,2008-08-12 16:20:00,200807,200809,23.96,23.54,21.28,22.46,0.42,1.18,1.01784197111,1.05545112782,1,-34.06,160.1559,0.0816565831216,24641.7165715
62,200809,2008-08-12 00:00:00,2008-09-09 00:00:00,2008-08-12 16:20:00,2008-09-09 16:20:00,200808,200810,21.28,22.46,24.22,24.71,-1.18,0.49,0.947462154942,1.02023121387,1,-35.24,158.9759,0.0773665222096,23347.0938843
62,200810,2008-09-09 00:00:00,2008-10-14 00:00:00,2008-09-09 16:20:00,2008-10-14 16:20:00,200809,200811,24.22,24.71,49.05,37.94,-0.49,-11.11,0.980169971671,0.773496432212,1,-35.73,158.4859,0.0758323418825,22884.1203512
62,200811,2008-10-14 00:00:00,2008-11-11 00:00:00,2008-10-14 16:20:00,2008-11-11 16:20:00,200810,200812,49.05,37.94,58.38,49.38,11.11,-9,1.29283078545,0.845837615622,1,-24.62,169.5959,0.0980383861185,29585.295288
62,200812,2008-11-11 00:00:00,2008-12-09 00:00:00,2008-11-11 16:20:00,2008-12-09 16:20:00,200811,200901,58.38,49.38,56.4,55.38,9,-1.02,1.1822600243,0.981914893617,1,-15.62,178.5959,0.115906864755,34977.5119262
62,200901,2008-12-09 00:00:00,2009-01-12 00:00:00,2008-12-09 16:20:00,2009-01-12 16:20:00,200812,200902,56.4,55.38,48.04,47.74,1.02,-0.3,1.01841820152,0.993755203997,1,-14.6,179.6159,0.118041660747,35621.7347894
62,200902,2009-01-12 00:00:00,2009-02-09 00:00:00,2009-01-12 16:20:00,2009-02-09 16:20:00,200901,200903,48.04,47.74,42.5,40.5,0.3,-2,1.00628403854,0.952941176471,1,-14.3,179.9159,0.118783439093,35845.5831437
62,200903,2009-02-09 00:00:00,2009-03-10 00:00:00,2009-02-09 16:20:00,2009-03-10 16:20:00,200902,200904,42.5,40.5,43.15,41.6,2,-1.55,1.04938271605,0.964078794902,1,-12.3,181.9159,0.124649287937,37615.7353978
62,200904,2009-03-10 00:00:00,2009-04-06 00:00:00,2009-03-10 16:20:00,2009-04-06 16:20:00,200903,200905,43.15,41.6,41.95,42.15,1.55,0.2,1.03725961538,1.00476758045,1,-10.75,183.4659,0.129293672463,39017.2832311
62,200905,2009-04-06 00:00:00,2009-05-12 00:00:00,2009-04-06 16:20:00,2009-05-12 16:20:00,200904,200906,41.95,42.15,31.95,32.85,-0.2,0.9,0.995255041518,1.02816901408,1,-10.95,183.2659,0.128680179356,38832.1478421
62,200906,2009-05-12 00:00:00,2009-06-09 00:00:00,2009-05-12 16:20:00,2009-06-09 16:20:00,200905,200907,31.95,32.85,29.1,30.95,-0.9,1.85,0.972602739726,1.06357388316,1,-11.85,182.3659,0.12515469499,37768.2533807
62,200907,2009-06-09 00:00:00,2009-07-14 00:00:00,2009-06-09 16:20:00,2009-07-14 16:20:00,200906,200908,29.1,30.95,27,30.25,-1.85,3.25,0.940226171244,1.12037037037,1,-13.7,180.5159,0.117673719683,35510.7002707
62,200908,2009-07-14 00:00:00,2009-08-11 00:00:00,2009-07-14 16:20:00,2009-08-11 16:20:00,200907,200909,27,30.25,26.2,28.6,-3.25,2.4,0.892561983471,1.09160305344,1,-16.95,177.2659,0.105031088643,31695.501068
62,200909,2009-08-11 00:00:00,2009-09-08 00:00:00,2009-08-11 16:20:00,2009-09-08 16:20:00,200908,200910,26.2,28.6,26.7,29.45,-2.4,2.75,0.916083916084,1.10299625468,1,-19.35,174.8659,0.0962172909947,29035.7387407
62,200910,2009-09-08 00:00:00,2009-10-13 00:00:00,2009-09-08 16:20:00,2009-10-13 16:20:00,200909,200911,26.7,29.45,23.55,25.6,-2.75,2.05,0.90662139219,1.08704883227,1,-22.1,172.1159,0.0872326543143,26324.4218803
62,200911,2009-10-13 00:00:00,2009-11-10 00:00:00,2009-10-13 16:20:00,2009-11-10 16:20:00,200910,200912,23.55,25.6,23.5,25.1,-2.05,1.6,0.919921875,1.06808510638,1,-24.15,170.0659,0.0802472269181,24216.4115344
62,200912,2009-11-10 00:00:00,2009-12-08 00:00:00,2009-11-10 16:20:00,2009-12-08 16:20:00,200911,201001,23.5,25.1,23.5,26.55,-1.6,3.05,0.93625498008,1.12978723404,1,-25.75,168.4659,0.0751318658396,22672.7358988
62,201001,2009-12-08 00:00:00,2010-01-11 00:00:00,2009-12-08 16:20:00,2010-01-11 16:20:00,200912,201002,23.5,26.55,19.5,22.25,-3.05,2.75,0.885122410546,1.14102564103,1,-28.8,165.4159,0.0665008982008,20068.1466524
62,201002,2010-01-11 00:00:00,2010-02-08 00:00:00,2010-01-11 16:20:00,2010-02-08 16:20:00,201001,201003,19.5,22.25,26.4,26.2,-2.75,-0.2,0.876404494382,0.992424242424,1,-31.55,162.6659,0.0582816860636,17587.8139201
62,201003,2010-02-08 00:00:00,2010-03-09 00:00:00,2010-02-08 16:20:00,2010-03-09 16:20:00,201002,201004,26.4,26.2,18.5,21.25,0.2,2.75,1.00763358779,1.14864864865,1,-31.35,162.8659,0.0587265844305,17722.0720416
62,201004,2010-03-09 00:00:00,2010-04-13 00:00:00,2010-03-09 16:20:00,2010-04-13 16:20:00,201003,201005,18.5,21.25,17.15,19.75,-2.75,2.6,0.870588235294,1.15160349854,1,-34.1,160.1159,0.0511266735042,15428.6274245
62,201005,2010-04-13 00:00:00,2010-05-11 00:00:00,2010-04-13 16:20:00,2010-05-11 16:20:00,201004,201006,17.15,19.75,27.1,27.05,-2.6,-0.05,0.86835443038,0.99815498155,1,-36.7,157.5159,0.044396073448,13397.5169787
62,201006,2010-05-11 00:00:00,2010-06-08 00:00:00,2010-05-11 16:20:00,2010-06-08 16:20:00,201005,201007,27.1,27.05,33.45,32.95,0.05,-0.5,1.00184842884,0.985052316891,1,-36.65,157.5659,0.0444781364303,13422.2813354
62,201007,2010-06-08 00:00:00,2010-07-13 00:00:00,2010-06-08 16:20:00,2010-07-13 16:20:00,201006,201008,33.45,32.95,25.8,28.15,0.5,2.35,1.01517450683,1.09108527132,1,-36.15,158.0659,0.0451530702153,13625.9578352
62,201008,2010-07-13 00:00:00,2010-08-10 00:00:00,2010-07-13 16:20:00,2010-08-10 16:20:00,201007,201009,25.8,28.15,23.25,27.55,-2.35,4.3,0.916518650089,1.18494623656,1,-38.5,155.7159,0.0413836309611,12488.4444813
62,201009,2010-08-10 00:00:00,2010-09-07 00:00:00,2010-08-10 16:20:00,2010-09-07 16:20:00,201008,201010,23.25,27.55,24.45,28.6,-4.3,4.15,0.843920145191,1.16973415133,1,-42.8,151.4159,0.0349244798492,10539.2498798
62,201010,2010-09-07 00:00:00,2010-10-12 00:00:00,2010-09-07 16:20:00,2010-10-12 16:20:00,201009,201011,24.45,28.6,20.65,24.25,-4.15,3.6,0.854895104895,1.17433414044,1,-46.95,147.2659,0.0298567668641,9009.95313155
62,201011,2010-10-12 00:00:00,2010-11-09 00:00:00,2010-10-12 16:20:00,2010-11-09 16:20:00,201010,201012,20.65,24.25,18.9,21.1,-3.6,2.2,0.851546391753,1.1164021164,1,-50.55,143.6659,0.0254244220925,7672.39307903
62,201012,2010-11-09 00:00:00,2010-12-14 00:00:00,2010-11-09 16:20:00,2010-12-14 16:20:00,201011,201101,18.9,21.1,18.7,20.45,-2.2,1.75,0.895734597156,1.0935828877,1,-52.75,141.4659,0.022773534481,6872.42792387
62,201101,2010-12-14 00:00:00,2011-01-10 00:00:00,2010-12-14 16:20:00,2011-01-10 16:20:00,201012,201102,18.7,20.45,18.65,21,-1.75,2.35,0.914425427873,1.12600536193,1,-54.5,139.7159,0.0208246990119,6284.32284481
62,201102,2011-01-10 00:00:00,2011-02-08 00:00:00,2011-01-10 16:20:00,2011-02-08 16:20:00,201101,201103,18.65,21,16.85,18.2,-2.35,1.35,0.888095238095,1.08011869436,1,-56.85,137.3659,0.0184943160273,5581.07719313
62,201103,2011-02-08 00:00:00,2011-03-08 00:00:00,2011-02-08 16:20:00,2011-03-08 16:20:00,201102,201104,16.85,18.2,20.45,21.4,-1.35,0.95,0.925824175824,1.04645476773,1,-58.2,136.0159,0.0171224848934,5167.09619254
62,201104,2011-03-08 00:00:00,2011-04-12 00:00:00,2011-03-08 16:20:00,2011-04-12 16:20:00,201103,201105,20.45,21.4,18.7,20.7,-0.95,2,0.955607476636,1.10695187166,1,-59.15,135.0659,0.0163623745827,4937.71575408
62,201105,2011-04-12 00:00:00,2011-05-10 00:00:00,2011-04-12 16:20:00,2011-05-10 16:20:00,201104,201106,18.7,20.7,16.65,18.2,-2,1.55,0.903381642512,1.09309309309,1,-61.15,133.0659,0.0147814688259,4460.64176818
62,201106,2011-05-10 00:00:00,2011-06-07 00:00:00,2011-05-10 16:20:00,2011-06-07 16:20:00,201105,201107,16.65,18.2,18.1,19.35,-1.55,1.25,0.914835164835,1.06906077348,1,-62.7,131.5159,0.0135226074699,4080.75194727
62,201107,2011-06-07 00:00:00,2011-07-12 00:00:00,2011-06-07 16:20:00,2011-07-12 16:20:00,201106,201108,18.1,19.35,19.6,20,-1.25,0.4,0.935400516796,1.02040816327,1,-63.95,130.2659,0.0126490540157,3817.13748039
62,201108,2011-07-12 00:00:00,2011-08-09 00:00:00,2011-07-12 16:20:00,2011-08-09 16:20:00,201107,201109,19.6,20,30.5,25.4,-0.4,-5.1,0.98,0.832786885246,1,-64.35,129.8659,0.0123960729354,3740.79473078
62,201109,2011-08-09 00:00:00,2011-09-13 00:00:00,2011-08-09 16:20:00,2011-09-13 16:20:00,201108,201110,30.5,25.4,37.85,35.15,5.1,-2.7,1.20078740157,0.928665785997,1,-59.25,134.9659,0.0148850482098,4491.8991846
62,201110,2011-09-13 00:00:00,2011-10-11 00:00:00,2011-09-13 16:20:00,2011-10-11 16:20:00,201109,201111,37.85,35.15,34.5,33.5,2.7,-1,1.07681365576,0.971014492754,1,-56.55,137.6659,0.016028423179,4836.93838228
62,201111,2011-10-11 00:00:00,2011-11-08 00:00:00,2011-10-11 16:20:00,2011-11-08 16:20:00,201110,201112,34.5,33.5,28.9,28.35,1,-0.55,1.02985074627,0.980968858131,1,-55.55,138.6659,0.0165068835724,4981.32460264
62,201112,2011-11-08 00:00:00,2011-12-13 00:00:00,2011-11-08 16:20:00,2011-12-13 16:20:00,201111,201201,28.9,28.35,27.1,29.9,0.55,2.8,1.01940035273,1.10332103321,1,-55,139.2159,0.0168271229363,5077.96405702
62,201201,2011-12-13 00:00:00,2012-01-09 00:00:00,2011-12-13 16:20:00,2012-01-09 16:20:00,201112,201202,27.1,29.9,22.85,24.15,-2.8,1.3,0.90635451505,1.05689277899,1,-57.8,136.4159,0.0152513388486,4602.43565034
62,201202,2012-01-09 00:00:00,2012-02-07 00:00:00,2012-01-09 16:20:00,2012-02-07 16:20:00,201201,201203,22.85,24.15,18.4,20.4,-1.3,2,0.946169772257,1.10869565217,1,-59.1,135.1159,0.014430355805,4354.68549111
62,201203,2012-02-07 00:00:00,2012-03-13 00:00:00,2012-02-07 16:20:00,2012-03-13 16:20:00,201202,201204,18.4,20.4,17,21,-2,4,0.901960784314,1.23529411765,1,-61.1,133.1159,0.0130156150398,3927.755541
62,201204,2012-03-13 00:00:00,2012-04-10 00:00:00,2012-03-13 16:20:00,2012-04-10 16:20:00,201203,201205,17,21,21.15,22.7,-4,1.55,0.809523809524,1.07328605201,1,-65.1,129.1159,0.0105364502703,3179.61162843
62,201205,2012-04-10 00:00:00,2012-05-08 00:00:00,2012-04-10 16:20:00,2012-05-08 16:20:00,201204,201206,21.15,22.7,19.55,21,-1.55,1.45,0.931718061674,1.07416879795,1,-66.65,127.5659,0.00981700102277,2962.50158331
62,201206,2012-05-08 00:00:00,2012-06-12 00:00:00,2012-05-08 16:20:00,2012-06-12 16:20:00,201205,201207,19.55,21,23.45,25.55,-1.45,2.1,0.930952380952,1.08955223881,1,-68.1,126.1159,0.00913916047596,2757.94790256
62,201207,2012-06-12 00:00:00,2012-07-10 00:00:00,2012-06-12 16:20:00,2012-07-10 16:20:00,201206,201208,23.45,25.55,19.25,21.2,-2.1,1.95,0.917808219178,1.1012987013,1,-70.2,124.0159,0.00838799660123,2531.26725304
62,201208,2012-07-10 00:00:00,2012-08-14 00:00:00,2012-07-10 16:20:00,2012-08-14 16:20:00,201207,201209,19.25,21.2,16.4,19,-1.95,2.6,0.908018867925,1.15853658537,1,-72.15,122.0659,0.007616459178,2298.43842552
62,201209,2012-08-14 00:00:00,2012-09-11 00:00:00,2012-08-14 16:20:00,2012-09-11 16:20:00,201208,201210,16.4,19,16.6,18.35,-2.6,1.75,0.863157894737,1.10542168675,1,-74.75,119.4659,0.00657420686943,1983.91527255
62,201210,2012-09-11 00:00:00,2012-10-09 00:00:00,2012-09-11 16:20:00,2012-10-09 16:20:00,201209,201211,16.6,18.35,16.7,18.05,-1.75,1.35,0.904632152589,1.08083832335,1,-76.5,117.7159,0.00594723891186,1794.71354356
62,201211,2012-10-09 00:00:00,2012-11-13 00:00:00,2012-10-09 16:20:00,2012-11-13 16:20:00,201210,201212,16.7,18.05,16.95,18.2,-1.35,1.25,0.925207756233,1.07374631268,1,-77.85,116.3659,0.00550243156942,1660.48289072
62,201212,2012-11-13 00:00:00,2012-12-11 00:00:00,2012-11-13 16:20:00,2012-12-11 16:20:00,201211,201301,16.95,18.2,15.55,16.5,-1.25,0.95,0.931318681319,1.06109324759,1,-79.1,115.1159,0.00512451731328,1546.43873614
62,201301,2012-12-11 00:00:00,2013-01-08 00:00:00,2012-12-11 16:20:00,2013-01-08 16:20:00,201212,201302,15.55,16.5,14.65,16.45,-0.95,1.8,0.942424242424,1.1228668942,1,-80.05,114.1659,0.00482946934675,1457.40135436
62,201302,2013-01-08 00:00:00,2013-02-05 00:00:00,2013-01-08 16:20:00,2013-02-05 16:20:00,201301,201303,14.65,16.45,14.4,15.6,-1.8,1.2,0.890577507599,1.08333333333,1,-81.85,112.3659,0.00430101677386,1297.92886574
62,201303,2013-02-05 00:00:00,2013-03-12 00:00:00,2013-02-05 16:20:00,2013-03-12 16:20:00,201302,201304,14.4,15.6,13.25,14.8,-1.2,1.55,0.923076923077,1.11698113208,1,-83.05,111.1659,0.00397016932971,1198.08818376
62,201304,2013-03-12 00:00:00,2013-04-09 00:00:00,2013-03-12 16:20:00,2013-04-09 16:20:00,201303,201305,13.25,14.8,13.6,15.05,-1.55,1.45,0.89527027027,1.10661764706,1,-84.6,109.6159,0.00355437456883,1072.61273208
62,201305,2013-04-09 00:00:00,2013-05-14 00:00:00,2013-04-09 16:20:00,2013-05-14 16:20:00,201304,201306,13.6,15.05,13.55,15.05,-1.45,1.5,0.90365448505,1.11070110701,1,-86.05,108.1659,0.00321192652067,969.271306065
62,201306,2013-05-14 00:00:00,2013-06-11 00:00:00,2013-05-14 16:20:00,2013-06-11 16:20:00,201305,201307,13.55,15.05,16.9,17.6,-1.5,0.7,0.900332225914,1.04142011834,1,-87.55,106.6659,0.00289180095383,872.666192504
62,201307,2013-06-11 00:00:00,2013-07-09 00:00:00,2013-06-11 16:20:00,2013-07-09 16:20:00,201306,201308,16.9,17.6,15.1,16.65,-0.7,1.55,0.960227272727,1.10264900662,1,-88.25,105.9659,0.00277678614316,837.957878029
62,201308,2013-07-09 00:00:00,2013-08-13 00:00:00,2013-07-09 16:20:00,2013-08-13 16:20:00,201307,201309,15.1,16.65,13.1,14.9,-1.55,1.8,0.906906906907,1.13740458015,1,-89.8,104.4159,0.00251828653224,759.949787282
62,201309,2013-08-13 00:00:00,2013-09-10 00:00:00,2013-08-13 16:20:00,2013-09-10 16:20:00,201308,201310,13.1,14.9,15.15,16.35,-1.8,1.2,0.879194630872,1.07920792079,1,-91.6,102.6159,0.00221406399814,668.143772711
62,201310,2013-09-10 00:00:00,2013-10-08 00:00:00,2013-09-10 16:20:00,2013-10-08 16:20:00,201309,201311,15.15,16.35,19.4,19.1,-1.2,-0.3,0.926605504587,0.984536082474,1,-92.8,101.4159,0.00205156388819,619.105697649
62,201311,2013-10-08 00:00:00,2013-11-12 00:00:00,2013-10-08 16:20:00,2013-11-12 16:20:00,201310,201312,19.4,19.1,13.35,14.8,0.3,1.45,1.01570680628,1.10861423221,1,-92.5,101.7159,0.00208378740476,628.829870911
62,201312,2013-11-12 00:00:00,2013-12-10 00:00:00,2013-11-12 16:20:00,2013-12-10 16:20:00,201311,201401,13.35,14.8,13.95,14.9,-1.45,0.95,0.902027027027,1.06810035842,1,-93.95,100.2659,0.00187963255767,567.221538964
62,201401,2013-12-10 00:00:00,2014-01-13 00:00:00,2013-12-10 16:20:00,2014-01-13 16:20:00,201312,201402,13.95,14.9,13.8,14.55,-0.95,0.75,0.936241610738,1.05434782609,1,-94.9,99.3159,0.00175979021339,531.056407285
62,201402,2014-01-13 00:00:00,2014-02-10 00:00:00,2014-01-13 16:20:00,2014-02-10 16:20:00,201401,201403,13.8,14.55,15.65,15.85,-0.75,0.2,0.948453608247,1.01277955272,1,-95.65,98.5659,0.00166907937765,503.682365672
62,201403,2014-02-10 00:00:00,2014-03-10 00:00:00,2014-02-10 16:20:00,2014-03-10 16:20:00,201402,201404,15.65,15.85,15.3,15.9,-0.2,0.6,0.98738170347,1.03921568627,1,-95.85,98.3659,0.00164801843913,497.326752225
62,201404,2014-03-10 00:00:00,2014-04-08 00:00:00,2014-03-10 16:20:00,2014-04-08 16:20:00,201403,201405,15.3,15.9,15.15,15.75,-0.6,0.6,0.962264150943,1.0396039604,1,-96.45,97.7659,0.00158582906407,478.559704971
62,201405,2014-04-08 00:00:00,2014-05-13 00:00:00,2014-04-08 16:20:00,2014-05-13 16:20:00,201404,201406,15.15,15.75,13.5,14.85,-0.6,1.35,0.961904761905,1.1,1,-97.05,97.1659,0.00152541652829,460.328859068
62,201406,2014-05-13 00:00:00,2014-06-10 00:00:00,2014-05-13 16:20:00,2014-06-10 16:20:00,201405,201407,13.5,14.85,12.05,13.25,-1.35,1.2,0.909090909091,1.09958506224,1,-98.4,95.8159,0.00138674229845,418.480780971
62,201407,2014-06-10 00:00:00,2014-07-08 00:00:00,2014-06-10 16:20:00,2014-07-08 16:20:00,201406,201408,12.05,13.25,12.4,13.1,-1.2,0.7,0.909433962264,1.0564516129,1,-99.6,94.6159,0.00126115054312,380.580634769
62,201408,2014-07-08 00:00:00,2014-08-12 00:00:00,2014-07-08 16:20:00,2014-08-12 16:20:00,201407,201409,12.4,13.1,14.65,15.15,-0.7,0.5,0.946564885496,1.03412969283,1,-100.3,93.9159,0.00119376081944,360.244264973
62,201409,2014-08-12 00:00:00,2014-09-09 00:00:00,2014-08-12 16:20:00,2014-09-09 16:20:00,201408,201410,14.65,15.15,13.85,14.55,-0.5,0.7,0.96699669967,1.05054151625,1,-100.8,93.4159,0.00115436277259,348.355015304
62,201410,2014-09-09 00:00:00,2014-10-14 00:00:00,2014-09-09 16:20:00,2014-10-14 16:20:00,201409,201411,13.85,14.55,20.9,19.75,-0.7,-1.15,0.951890034364,0.944976076555,1,-101.5,92.7159,0.00109882641927,331.595667488
62,201411,2014-10-14 00:00:00,2014-11-12 00:00:00,2014-10-14 16:20:00,2014-11-12 16:20:00,201410,201412,20.9,19.75,14.4,15.2,1.15,0.8,1.0582278481,1.05555555556,1,-100.35,93.8659,0.0011628087171,350.903769646
62,201412,2014-11-12 00:00:00,2014-12-10 00:00:00,2014-11-12 16:20:00,2014-12-10 16:20:00,201411,201501,14.4,15.2,17.4,17.75,-0.8,0.35,0.947368421053,1.02011494253,1,-101.15,93.0659,0.00110160825831,332.435150191
62,201501,2014-12-10 00:00:00,2015-01-13 00:00:00,2014-12-10 16:20:00,2015-01-13 16:20:00,201412,201502,17.4,17.75,20.175,19.725,-0.35,-0.45,0.980281690141,0.977695167286,1,-101.5,92.7159,0.00107988640533,325.880090891
62,201502,2015-01-13 00:00:00,2015-02-10 00:00:00,2015-01-13 16:20:00,2015-02-10 16:20:00,201501,201503,20.175,19.725,18.575,19.15,0.45,0.575,1.02281368821,1.03095558546,1,-101.05,93.1659,0.00110452259708,333.31461768
62,201503,2015-02-10 00:00:00,2015-03-11 00:00:00,2015-02-10 16:20:00,2015-03-11 16:20:00,201502,201504,18.575,19.15,17.225,18.525,-0.575,1.3,0.969973890339,1.07547169811,1,-101.625,92.5909,0.00107135808046,323.306476418
62,201504,2015-03-11 00:00:00,2015-04-08 00:00:00,2015-03-11 16:20:00,2015-04-08 16:20:00,201503,201505,17.225,18.525,14.825,16.725,-1.3,1.9,0.929824561404,1.1281618887,1,-102.925,91.2909,0.00099617505727,300.618302634
62,201505,2015-04-08 00:00:00,2015-05-13 00:00:00,2015-04-08 16:20:00,2015-05-13 16:20:00,201504,201506,14.825,16.725,14.325,15.925,-1.9,1.6,0.886397608371,1.11169284468,1,-104.825,89.3909,0.000883007188283,266.467344487
62,201506,2015-05-13 00:00:00,2015-06-10 00:00:00,2015-05-13 16:20:00,2015-06-10 16:20:00,201505,201507,14.325,15.925,13.875,15.425,-1.6,1.55,0.899529042386,1.11171171171,1,-106.425,87.7909,0.000794290610496,239.695115214
62,201507,2015-06-10 00:00:00,2015-07-15 00:00:00,2015-06-10 16:20:00,2015-07-15 16:20:00,201506,201508,13.875,15.425,13.975,15.35,-1.55,1.375,0.899513776337,1.09838998211,1,-107.975,86.2409,0.000714475346557,215.609058256
62,201508,2015-07-15 00:00:00,2015-08-12 00:00:00,2015-07-15 16:20:00,2015-08-12 16:20:00,201507,201509,13.975,15.35,14.325,15.275,-1.375,0.95,0.910423452769,1.06631762653,1,-109.35,84.8659,0.00065047511193,196.295543265
62,201509,2015-08-12 00:00:00,2015-09-09 00:00:00,2015-08-12 16:20:00,2015-09-09 16:20:00,201508,201510,14.325,15.275,25.825,24.225,-0.95,-1.6,0.937806873977,0.938044530494,1,-110.3,83.9159,0.000610020031319,184.087309805
62,201510,2015-09-09 00:00:00,2015-10-14 00:00:00,2015-09-09 16:20:00,2015-10-14 16:20:00,201509,201511,25.825,24.225,18.325,18.725,1.6,0.4,1.06604747162,1.02182810368,1,-108.7,85.5159,0.000650310312025,196.245811175
62,201511,2015-10-14 00:00:00,2015-11-11 00:00:00,2015-10-14 16:20:00,2015-11-11 16:20:00,201510,201512,18.325,18.725,16.775,17.375,-0.4,0.6,0.978638184246,1.03576751118,1,-109.1,85.1159,0.000636418502957,192.053644314
62,201512,2015-11-11 00:00:00,2015-12-09 00:00:00,2015-11-11 16:20:00,2015-12-09 16:20:00,201511,201601,16.775,17.375,18.975,19.025,-0.6,0.05,0.965467625899,1.00263504611,1,-109.7,84.5159,0.000614441461128,185.421576021
62,201601,2015-12-09 00:00:00,2016-01-12 00:00:00,2015-12-09 16:20:00,2016-01-12 16:20:00,201512,201602,18.975,19.025,22.075,21.075,-0.05,-1,0.997371879106,0.95469988675,1,-109.75,84.4659,0.000612826634686,184.934265703
62,201602,2016-01-12 00:00:00,2016-02-09 00:00:00,2016-01-12 16:20:00,2016-02-09 16:20:00,201601,201603,22.075,21.075,26.125,24.475,1,-1.65,1.04744958482,0.936842105263,1,-108.75,85.4659,0.000641905004066,193.709319829
62,201603,2016-02-09 00:00:00,2016-03-09 00:00:00,2016-02-09 16:20:00,2016-03-09 16:20:00,201602,201604,26.125,24.475,19.075,20.125,1.65,1.05,1.06741573034,1.05504587156,1,-107.1,87.1159,0.000685179498723,206.768375099
62,201604,2016-03-09 00:00:00,2016-04-13 00:00:00,2016-03-09 16:20:00,2016-04-13 16:20:00,201603,201605,19.075,20.125,14.825,17.475,-1.05,2.65,0.947826086957,1.17875210793,1,-108.15,86.0659,0.000649431003137,195.980459876
62,201605,2016-04-13 00:00:00,2016-05-11 00:00:00,2016-04-13 16:20:00,2016-05-11 16:20:00,201604,201606,14.825,17.475,15.625,17.975,-2.65,2.35,0.848354792561,1.1504,1,-110.8,83.4159,0.000550947903949,166.260962384
62,201606,2016-05-11 00:00:00,2016-06-08 00:00:00,2016-05-11 16:20:00,2016-06-08 16:20:00,201605,201607,15.625,17.975,14.975,16.875,-2.35,1.9,0.86926286509,1.12687813022,1,-113.15,81.0659,0.000478918553502,144.524480515
62,201607,2016-06-08 00:00:00,2016-07-13 00:00:00,2016-06-08 16:20:00,2016-07-13 16:20:00,201606,201608,14.975,16.875,14.175,16.225,-1.9,2.05,0.887407407407,1.14462081129,1,-115.05,79.1659,0.000424995871923,128.25209456
62,201608,2016-07-13 00:00:00,2016-08-10 00:00:00,2016-07-13 16:20:00,2016-08-10 16:20:00,201607,201609,14.175,16.225,12.875,15.175,-2.05,2.3,0.873651771957,1.1786407767,1,-117.1,77.1159,0.00037129839658,112.04766967
62,201609,2016-08-10 00:00:00,2016-09-14 00:00:00,2016-08-10 16:20:00,2016-09-14 16:20:00,201608,201610,12.875,15.175,18.375,18.875,-2.3,0.5,0.848434925865,1.02721088435,1,-119.4,74.8159,0.000315022527576,95.0651563098
62,201610,2016-09-14 00:00:00,2016-10-12 00:00:00,2016-09-14 16:20:00,2016-10-12 16:20:00,201609,201611,18.375,18.875,16.325,17.225,-0.5,0.9,0.973509933775,1.05513016845,1,-119.9,74.3159,0.000306677559958,92.5468740234
62,201611,2016-10-12 00:00:00,2016-11-09 00:00:00,2016-10-12 16:20:00,2016-11-09 16:20:00,201610,201612,16.325,17.225,14.875,15.725,-0.9,0.85,0.947750362845,1.05714285714,1,-120.8,73.4159,0.000290653768726,87.7113334358
62,201612,2016-11-09 00:00:00,2016-12-14 00:00:00,2016-11-09 16:20:00,2016-12-14 16:20:00,201611,201701,14.875,15.725,13.425,15.325,-0.85,1.9,0.945945945946,1.14152700186,1,-121.65,72.5659,0.000274942754201,82.9701802771
62,201701,2016-12-14 00:00:00,2017-01-10 00:00:00,2016-12-14 16:20:00,2017-01-10 16:20:00,201612,201702,13.425,15.325,12.875,14.475,-1.9,1.6,0.876019575856,1.12427184466,1,-123.55,70.6659,0.00024085523492,72.6835021351
62,201702,2017-01-10 00:00:00,2017-02-08 00:00:00,2017-01-10 16:20:00,2017-02-08 16:20:00,201701,201703,12.875,14.475,12.575,13.975,-1.6,1.4,0.889464594128,1.11133200795,1,-125.15,69.0659,0.000214232203771,64.6494017264
62,201703,2017-02-08 00:00:00,2017-03-15 00:00:00,2017-02-08 16:20:00,2017-03-15 16:20:00,201702,201704,12.575,13.975,12.275,13.725,-1.4,1.45,0.899821109123,1.11812627291,1,-126.55,67.6659,0.000192770659207,58.1728963656
62,201704,2017-03-15 00:00:00,2017-04-11 00:00:00,2017-03-15 16:20:00,2017-04-11 16:20:00,201703,201705,12.275,13.725,15.975,14.525,-1.45,-1.45,0.894353369763,0.909233176839,1,-128,66.2159,0.000172405088654,52.0271258935
62,201705,2017-04-11 00:00:00,2017-05-10 00:00:00,2017-04-11 16:20:00,2017-05-10 16:20:00,201704,201706,15.975,14.525,11.525,12.475,1.45,0.95,1.09982788296,1.08242950108,1,-126.55,67.6659,0.000189615923666,57.2208837279
62,201706,2017-05-10 00:00:00,2017-06-14 00:00:00,2017-05-10 16:20:00,2017-06-14 16:20:00,201705,201707,11.525,12.475,11.475,12.275,-0.95,0.8,0.923847695391,1.0697167756,1,-127.5,66.7159,0.000175176234088,52.8633815603
62,201707,2017-06-14 00:00:00,2017-07-12 00:00:00,2017-06-14 16:20:00,2017-07-12 16:20:00,201706,201708,11.475,12.275,11.525,12.425,-0.8,0.9,0.93482688391,1.07809110629,1,-128.3,65.9159,0.000163759453048,49.418110257
62,201708,2017-07-12 00:00:00,2017-08-09 00:00:00,2017-07-12 16:20:00,2017-08-09 16:20:00,201707,201709,11.525,12.425,11.725,13.075,-0.9,1.35,0.927565392354,1.11513859275,1,-129.2,65.0159,0.000151897601318,45.8385288299
62,201709,2017-08-09 00:00:00,2017-09-13 00:00:00,2017-08-09 16:20:00,2017-09-13 16:20:00,201708,201710,11.725,13.075,11.525,12.925,-1.35,1.4,0.896749521989,1.12147505423,1,-130.55,63.6659,0.000136214101373,41.1056788169
62,201710,2017-09-13 00:00:00,2017-10-11 00:00:00,2017-09-13 16:20:00,2017-10-11 16:20:00,201709,201711,11.525,12.925,10.775,12.175,-1.4,1.4,0.8916827853,1.12993039443,1,-131.95,62.2659,0.000121459769309,36.6532261791
62,201711,2017-10-11 00:00:00,2017-11-08 00:00:00,2017-10-11 16:20:00,2017-11-08 16:20:00,201710,201712,10.775,12.175,10.875,12.275,-1.4,1.4,0.88501026694,1.12873563218,1,-133.35,60.8659,0.000107493142859,32.438481485
62,201712,2017-11-08 00:00:00,2017-12-13 00:00:00,2017-11-08 16:20:00,2017-12-13 16:20:00,201711,201801,10.875,12.275,10.525,11.975,-1.4,1.45,0.885947046843,1.1377672209,1,-134.75,59.4659,9.52332324717e-05,28.7387768757
62,201801,2017-12-13 00:00:00,2018-01-09 00:00:00,2017-12-13 16:20:00,2018-01-09 16:20:00,201712,201802,10.525,11.975,10.675,11.775,-1.45,1.1,0.87891440501,1.10304449649,1,-136.2,58.0159,8.37018598551e-05,25.2589249784
62,201802,2018-01-09 00:00:00,2018-02-07 00:00:00,2018-01-09 16:20:00,2018-02-07 16:20:00,201801,201803,10.675,11.775,23.425,19.875,-1.1,-3.55,0.906581740977,0.848452508004,1,-137.3,56.9159,7.58825778304e-05,22.8992801821
62,201803,2018-02-07 00:00:00,2018-03-14 00:00:00,2018-02-07 16:20:00,2018-03-14 16:20:00,201802,201804,23.425,19.875,17.375,17.275,3.55,-0.1,1.1786163522,0.994244604317,1,-133.75,60.4659,8.94364470781e-05,26.9894660763
62,201804,2018-03-14 00:00:00,2018-04-11 00:00:00,2018-03-14 16:20:00,2018-04-11 16:20:00,201803,201805,17.375,17.275,20.075,19.475,0.1,-0.6,1.00578871201,0.970112079701,1,-133.65,60.5659,8.99541689136e-05,27.1457003228
62,201805,2018-04-11 00:00:00,2018-05-09 00:00:00,2018-04-11 16:20:00,2018-05-09 16:20:00,201804,201806,20.075,19.475,14.825,15.625,0.6,0.8,1.03080872914,1.05396290051,1,-133.05,61.1659,9.27255425387e-05,27.9820248513
62,201806,2018-05-09 00:00:00,2018-06-13 00:00:00,2018-05-09 16:20:00,2018-06-13 16:20:00,201805,201807,14.825,15.625,13.225,14.175,-0.8,0.95,0.9488,1.07183364839,1,-133.85,60.3659,8.79779947607e-05,26.5493451789
62,201807,2018-06-13 00:00:00,2018-07-11 00:00:00,2018-06-13 16:20:00,2018-07-11 16:20:00,201806,201808,13.225,14.175,14.175,14.875,-0.95,0.7,0.932980599647,1.04938271605,1,-134.8,59.4159,8.20817623076e-05,24.7700239853
62,201808,2018-07-11 00:00:00,2018-08-15 00:00:00,2018-07-11 16:20:00,2018-08-15 16:20:00,201807,201809,14.175,14.875,14.875,15.225,-0.7,0.35,0.952941176471,1.02352941176,1,-135.5,58.7159,7.82190911402e-05,23.6043757977
62,201809,2018-08-15 00:00:00,2018-09-12 00:00:00,2018-08-15 16:20:00,2018-09-12 16:20:00,201808,201810,14.875,15.225,14.025,15.025,-0.35,1,0.977011494253,1.07130124777,1,-135.85,58.3659,7.6420951114e-05,23.0617464691
62,201810,2018-09-12 00:00:00,2018-10-10 00:00:00,2018-09-12 16:20:00,2018-10-10 16:20:00,201809,201811,14.025,15.025,20.125,18.525,-1,-1.6,0.933444259567,0.92049689441,1,-136.85,57.3659,7.1334698128e-05,21.5268548571
62,201811,2018-10-10 00:00:00,2018-11-14 00:00:00,2018-10-10 16:20:00,2018-11-14 16:20:00,201810,201812,20.125,18.525,20.175,19.425,1.6,-0.75,1.08636977058,0.96282527881,1,-135.25,58.9659,7.74958596398e-05,23.3861243725
62,201812,2018-11-14 00:00:00,2018-12-12 00:00:00,2018-11-14 16:20:00,2018-12-12 16:20:00,201811,201901,20.175,19.425,21.075,20.425,0.75,-0.65,1.03861003861,0.96915776987,1,-134.5,59.7159,8.04879777726e-05,24.2890635374
62,201901,2018-12-12 00:00:00,2019-01-09 00:00:00,2018-12-12 16:20:00,2019-01-09 16:20:00,201812,201902,21.075,20.425,20.125,20.275,0.65,0.15,1.03182374541,1.00745341615,1,-133.85,60.3659,8.30494066858e-05,25.0620325117
62,201902,2019-01-09 00:00:00,2019-02-06 00:00:00,2019-01-09 16:20:00,2019-02-06 16:20:00,201901,201903,20.125,20.275,16.375,16.825,-0.15,0.45,0.992601726264,1.02748091603,1,-134,60.2159,8.24349844415e-05,24.8766167348
62,201903,2019-02-06 00:00:00,2019-03-12 00:00:00,2019-02-06 16:20:00,2019-03-12 16:20:00,201902,201904,16.375,16.825,14.475,15.675,-0.45,1.2,0.973254086181,1.0829015544,1,-134.45,59.7659,8.0230185452e-05,24.2112688875
62,201904,2019-03-12 00:00:00,2019-04-10 00:00:00,2019-03-12 16:20:00,2019-04-10 16:20:00,201903,201905,14.475,15.675,14.425,15.775,-1.2,1.35,0.923444976077,1.09358752166,1,-135.65,58.5659,7.40881616853e-05,22.3577746186
62,201905,2019-04-10 00:00:00,2019-05-15 00:00:00,2019-04-10 16:20:00,2019-05-15 16:20:00,201904,201906,14.425,15.775,16.925,17.375,-1.35,0.45,0.91442155309,1.02658788774,1,-137,57.2159,6.77478118739e-05,20.4444309904
62,201906,2019-05-15 00:00:00,2019-06-12 00:00:00,2019-05-15 16:20:00,2019-06-12 16:20:00,201905,201907,16.925,17.375,16.325,17.025,-0.45,0.7,0.974100719424,1.04287901991,1,-137.45,56.7659,6.59931922858e-05,19.9149349359
62,201907,2019-06-12 00:00:00,2019-07-10 00:00:00,2019-06-12 16:20:00,2019-07-10 16:20:00,201906,201908,16.325,17.025,14.025,15.575,-0.7,1.55,0.958883994126,1.11051693405,1,-138.15,56.0659,6.32798158041e-05,19.0961123541
62,201908,2019-07-10 00:00:00,2019-08-14 00:00:00,2019-07-10 16:20:00,2019-08-14 16:20:00,201907,201909,14.025,15.575,21.425,20.425,-1.55,-1,0.900481540931,0.953325554259,1,-139.7,54.5159,5.69823060451e-05,17.1956966785
62,201909,2019-08-14 00:00:00,2019-09-11 00:00:00,2019-08-14 16:20:00,2019-09-11 16:20:00,201908,201910,21.425,20.425,15.725,17.325,1,1.6,1.04895960832,1.10174880763,1,-138.7,55.5159,5.97721374305e-05,18.0375912527
62,201910,2019-09-11 00:00:00,2019-10-09 00:00:00,2019-09-11 16:20:00,2019-10-09 16:20:00,201909,201911,15.725,17.325,18.575,19.275,-1.6,0.7,0.907647907648,1.03768506057,1,-140.3,53.9159,5.42520554744e-05,16.3717819595
62,201911,2019-10-09 00:00:00,2019-11-13 00:00:00,2019-10-09 16:20:00,2019-11-13 16:20:00,201910,201912,18.575,19.275,13.975,15.825,-0.7,1.85,0.963683527886,1.13237924866,1,-141,53.2159,5.22818122146e-05,15.7772165965
62,201912,2019-11-13 00:00:00,2019-12-11 00:00:00,2019-11-13 16:20:00,2019-12-11 16:20:00,201911,202001,13.975,15.825,14.775,16.575,-1.85,1.8,0.883096366509,1.12182741117,1,-142.85,51.3659,4.61698784012e-05,13.93280265
62,202001,2019-12-11 00:00:00,2020-01-14 00:00:00,2019-12-11 16:20:00,2020-01-14 16:20:00,201912,202002,14.775,16.575,13.075,15.225,-1.8,2.15,0.891402714932,1.16443594646,1,-144.65,49.5659,4.11559549549e-05,12.4197381088
62,202002,2020-01-14 00:00:00,2020-02-11 00:00:00,2020-01-14 16:20:00,2020-02-11 16:20:00,202001,202003,13.075,15.225,15.625,15.925,-2.15,0.3,0.858784893268,1.0192,1,-146.8,47.4159,3.53441123833e-05,10.6658834662
62,202003,2020-02-11 00:00:00,2020-03-11 00:00:00,2020-02-11 16:20:00,2020-03-11 16:20:00,202002,202004,15.625,15.925,46.35,38.575,-0.3,-7.775,0.981161695447,0.832254584682,1,-147.1,47.1159,3.46782892301e-05,10.4649563051
62,202004,2020-03-11 00:00:00,2020-04-07 00:00:00,2020-03-11 16:20:00,2020-04-07 16:20:00,202003,202005,46.35,38.575,44.025,39.675,7.775,-4.35,1.20155541154,0.901192504259,1,-139.325,54.8909,4.16678860872e-05,12.5742248799
62,202005,2020-04-07 00:00:00,2020-05-13 00:00:00,2020-04-07 16:20:00,2020-05-13 16:20:00,202004,202006,44.025,39.675,35.075,34.925,4.35,-0.15,1.10964083176,0.995723449751,1,-134.975,59.2409,4.62363877754e-05,13.9528733545
62,202006,2020-05-13 00:00:00,2020-06-10 00:00:00,2020-05-13 16:20:00,2020-06-10 16:20:00,202005,202007,35.075,34.925,27.475,29.025,0.15,1.55,1.00429491768,1.05641492266,1,-134.825,59.3909,4.64349692548e-05,14.0127997969
62,202007,2020-06-10 00:00:00,2020-07-15 00:00:00,2020-06-10 16:20:00,2020-07-15 16:20:00,202006,202008,27.475,29.025,28.325,30.375,-1.55,2.05,0.946597760551,1.07237422771,1,-136.375,57.8409,4.39552379078e-05,13.2644849068
62,202008,2020-07-15 00:00:00,2020-08-12 00:00:00,2020-07-15 16:20:00,2020-08-12 16:20:00,202007,202009,28.325,30.375,23.275,26.875,-2.05,3.6,0.932510288066,1.15467239527,1,-138.425,55.7909,4.09887115634e-05,12.3692686415
62,202009,2020-08-12 00:00:00,2020-09-09 00:00:00,2020-08-12 16:20:00,2020-09-09 16:20:00,202008,202010,23.275,26.875,28.375,33.225,-3.6,4.85,0.866046511628,1.17092511013,1,-142.025,52.1909,3.54981306656e-05,10.7123619584
62,202010,2020-09-09 00:00:00,2020-10-14 00:00:00,2020-09-09 16:20:00,2020-10-14 16:20:00,202009,202011,28.375,33.225,27.075,28.2,-4.85,1.125,0.854025583145,1.04155124654,1,-146.875,47.3409,3.03163117423e-05,9.14863116836
62,202011,2020-10-14 00:00:00,2020-11-11 00:00:00,2020-10-14 16:20:00,2020-11-11 16:20:00,202010,202012,27.075,28.2,23.825,24.975,-1.125,1.15,0.960106382979,1.04826862539,1,-148,46.2159,2.91068844121e-05,8.78365918026
62,202012,2020-11-11 00:00:00,2020-12-09 00:00:00,2020-11-11 16:20:00,2020-12-09 16:20:00,202011,202101,23.825,24.975,22.525,24.375,-1.15,1.85,0.953953953954,1.08213096559,1,-149.15,45.0659,2.77666274722e-05,8.3792064052
62,202101,2020-12-09 00:00:00,2021-01-12 00:00:00,2020-12-09 16:20:00,2021-01-12 16:20:00,202012,202102,22.525,24.375,23.325,25.425,-1.85,2.1,0.924102564103,1.09003215434,1,-151,43.2159,2.56592116436e-05,7.74324612419
62,202102,2021-01-12 00:00:00,2021-02-09 00:00:00,2021-01-12 16:20:00,2021-02-09 16:20:00,202101,202103,23.325,25.425,23.7021,26.6863,-2.1,2.9842,0.917404129794,1.12590445572,1,-153.1,41.1159,2.35398667291e-05,7.10368597234
62,202103,2021-02-09 00:00:00,2021-03-10 00:00:00,2021-02-09 16:20:00,2021-03-10 16:20:00,202102,202104,23.7021,26.6863,23.5048,26.4616,-2.9842,2.9568,0.88817483128,1.12579558218,1,-156.0842,38.1317,2.09075171605e-05,6.30931508995
62,202104,2021-03-10 00:00:00,2021-04-14 00:00:00,2021-03-10 16:20:00,2021-04-14 16:20:00,202103,202105,23.5048,26.4616,18.0989,20.9333,-2.9568,2.8344,0.888260724975,1.15660620259,1,-159.041,35.1749,1.85713263504e-05,5.60431679589
62,202105,2021-04-14 00:00:00,2021-05-12 00:00:00,2021-04-14 16:20:00,2021-05-12 16:20:00,202104,202106,18.0989,20.9333,25.9725,26.4334,-2.8344,0.4609,0.864598510507,1.01774569256,1,-161.8754,32.3405,1.60567411007e-05,4.84548395414
62,202106,2021-05-12 00:00:00,2021-06-09 00:00:00,2021-05-12 16:20:00,2021-06-09 16:20:00,202105,202107,25.9725,26.4334,18.3797,20.4981,-0.4609,2.1184,0.982563726195,1.11525759398,1,-162.3363,31.8796,1.57767713664e-05,4.7609967692
62,202107,2021-06-09 00:00:00,2021-07-14 00:00:00,2021-06-09 16:20:00,2021-07-14 16:20:00,202106,202108,18.3797,20.4981,17.047,19.6029,-2.1184,2.5559,0.896653836209,1.14993253945,1,-164.4547,29.7612,1.41463025687e-05,4.26896601728
62,202108,2021-07-14 00:00:00,2021-08-11 00:00:00,2021-07-14 16:20:00,2021-08-11 16:20:00,202107,202109,17.047,19.6029,17.4443,19.7318,-2.5559,2.2875,0.869616230252,1.13113165905,1,-167.0106,27.2053,1.23018543118e-05,3.71236213502
62,202109,2021-08-11 00:00:00,2021-09-08 00:00:00,2021-08-11 16:20:00,2021-09-08 16:20:00,202108,202110,17.4443,19.7318,18.7658,20.9315,-2.2875,2.1657,0.884070383847,1.11540675058,1,-169.2981,24.9178,1.08757050635e-05,3.28198941769
62,202110,2021-09-08 00:00:00,2021-10-13 00:00:00,2021-09-08 16:20:00,2021-10-13 16:20:00,202109,202111,18.7658,20.9315,19.1506,21.107,-2.1657,1.9564,0.896533932112,1.1021586791,1,-171.4638,22.7521,9.75043862503e-06,2.94241487779
62,202111,2021-10-13 00:00:00,2021-11-10 00:00:00,2021-10-13 16:20:00,2021-11-10 16:20:00,202110,202112,19.1506,21.107,19.5268,21.0045,-1.9564,1.4777,0.907310370967,1.0756754819,1,-173.4202,20.7957,8.84667408597e-06,2.66968353431
62,202112,2021-11-10 00:00:00,2021-12-15 00:00:00,2021-11-10 16:20:00,2021-12-15 16:20:00,202111,202201,19.5268,21.0045,19.0758,21.9711,-1.4777,2.8953,0.929648408674,1.15177869342,1,-174.8979,19.318,8.22429648608e-06,2.48186704933
62,202201,2021-12-15 00:00:00,2022-01-11 00:00:00,2021-12-15 16:20:00,2022-01-11 16:20:00,202112,202202,19.0758,21.9711,18.954,20.9933,-2.8953,2.0393,0.868222346628,1.107592065,1,-177.7932,16.4227,7.14051799451e-06,2.15481243359
62,202202,2022-01-11 00:00:00,2022-02-09 00:00:00,2022-01-11 16:20:00,2022-02-09 16:20:00,202201,202203,18.954,20.9933,21.1561,22.6687,-2.0393,1.5126,0.90285948374,1.07149710958,1,-179.8325,14.3834,6.44688439016e-06,1.94549284135
62,202203,2022-02-09 00:00:00,2022-03-08 00:00:00,2022-02-09 16:20:00,2022-03-08 16:20:00,202202,202204,21.1561,22.6687,33.9186,32.6065,-1.5126,-1.3121,0.933273632806,0.961316209985,1,-181.3451,12.8708,6.01670721509e-06,1.81567717164
62,202204,2022-03-08 00:00:00,2022-04-12 00:00:00,2022-03-08 16:20:00,2022-04-12 16:20:00,202203,202205,33.9186,32.6065,25.0641,26.2047,1.3121,1.1406,1.04024044286,1.04550731923,1,-180.033,14.1829,6.25882217796e-06,1.88874082511
62,202205,2022-04-12 00:00:00,2022-05-11 00:00:00,2022-04-12 16:20:00,2022-05-11 16:20:00,202204,202206,25.0641,26.2047,32.1627,31.7389,-1.1406,-0.4238,0.956473457052,0.986823245561,1,-181.1736,13.0423,5.98639728563e-06,1.80653046647
62,202206,2022-05-11 00:00:00,2022-06-08 00:00:00,2022-05-11 16:20:00,2022-06-08 16:20:00,202205,202207,32.1627,31.7389,24.6993,26.256,0.4238,1.5567,1.01335269968,1.06302607766,1,-180.7498,13.4661,6.06633185077e-06,1.83065252526
62,202207,2022-06-08 00:00:00,2022-07-13 00:00:00,2022-06-08 16:20:00,2022-07-13 16:20:00,202206,202208,24.6993,26.256,26.8636,27.8784,-1.5567,1.0148,0.940710694698,1.03777602406,1,-182.3065,11.9094,5.70666324961e-06,1.72211440879
62,202208,2022-07-13 00:00:00,2022-08-10 00:00:00,2022-07-13 16:20:00,2022-08-10 16:20:00,202207,202209,26.8636,27.8784,21.3507,23.5999,-1.0148,2.2492,0.96359905877,1.10534549219,1,-183.3213,10.8946,5.49893533604e-06,1.6594278234
62,202209,2022-08-10 00:00:00,2022-09-14 00:00:00,2022-08-10 16:20:00,2022-09-14 16:20:00,202208,202210,21.3507,23.5999,26.4161,27.4742,-2.2492,1.0581,0.904694511417,1.0400551179,1,-185.5705,8.6454,4.97485661715e-06,1.50127524393
62,202210,2022-09-14 00:00:00,2022-10-12 00:00:00,2022-09-14 16:20:00,2022-10-12 16:20:00,202209,202211,26.4161,27.4742,32.1735,31.7784,-1.0581,-0.3951,0.961487504641,0.987719707212,1,-186.6286,7.5873,4.78326247477e-06,1.44345738806
62,202211,2022-10-12 00:00:00,2022-11-09 00:00:00,2022-10-12 16:20:00,2022-11-09 16:20:00,202210,202212,32.1735,31.7784,26.857,27.0025,0.3951,0.1455,1.01243297334,1.00541758201,1,-186.2335,7.9824,4.8427326496e-06,1.46140385528
62,202212,2022-11-09 00:00:00,2022-12-14 00:00:00,2022-11-09 16:20:00,2022-12-14 16:20:00,202211,202301,26.857,27.0025,20.6262,23.2012,-0.1455,2.575,0.994611610036,1.12484122136,1,-186.379,7.8369,4.81663811759e-06,1.45352924142
62,202301,2022-12-14 00:00:00,2023-01-10 00:00:00,2022-12-14 16:20:00,2023-01-10 16:20:00,202212,202302,20.6262,23.2012,21.0949,22.1945,-2.575,1.0996,0.889014361326,1.05212634333,1,-188.954,5.2619,4.28206045985e-06,1.29220837023
62,202302,2023-01-10 00:00:00,2023-02-08 00:00:00,2023-01-10 16:20:00,2023-02-08 16:20:00,202301,202303,21.0949,22.1945,20.0524,21.1509,-1.0996,1.0985,0.950456194102,1.05478147254,1,-190.0536,4.1623,4.06991088759e-06,1.22818744955
62,202303,2023-02-08 00:00:00,2023-03-15 00:00:00,2023-02-08 16:20:00,2023-03-15 16:20:00,202302,202304,20.0524,21.1509,25.8129,25.8726,-1.0985,0.0597,0.948063675777,1.00231279709,1,-191.1521,3.0638,3.85853467617e-06,1.16439990797
62,202304,2023-03-15 00:00:00,2023-04-12 00:00:00,2023-03-15 16:20:00,2023-04-12 16:20:00,202303,202305,25.8129,25.8726,19.9518,21.0517,-0.0597,1.0999,0.997692539598,1.05512785814,1,-191.2118,3.0041,3.8496312602e-06,1.16171310129
62,202305,2023-04-12 00:00:00,2023-05-10 00:00:00,2023-04-12 16:20:00,2023-05-10 16:20:00,202304,202306,19.9518,21.0517,18.8504,20.7546,-1.0999,1.9042,0.947752438045,1.10101642405,1,-192.3117,1.9042,3.64849741243e-06,1.10101642405
62,202306,2023-05-10 00:00:00,2023-06-21 00:00:00,2023-05-10 16:20:00,2023-06-21 16:20:00,202305,202307,18.8504,20.7546,,,-1.9042,,0.908251664691,,1,-194.2159,0,3.31375384846e-06,1
